Product Key,Region Key,Return Quantity
200,5,7
200,5,1
200,2,1
200,2,6
200,3,1
200,4,9
200,3,9
200,1,3
200,3,7
200,3,10
200,3,4
200,1,6
200,2,9
200,4,9
200,3,5
200,2,10
200,4,4
200,3,9
200,2,7
200,4,2
200,4,7
200,1,7
200,5,5
200,4,10
200,5,3
200,5,2
200,2,8
200,3,9
200,1,5
200,2,2
200,5,4
200,2,5
201,1,7
201,5,10
201,1,5
201,1,10
201,1,2
201,4,5
201,4,8
201,5,7
201,2,2
201,5,7
201,1,10
201,2,9
201,3,10
201,3,2
201,4,2
201,1,6
201,3,9
201,3,1
201,3,5
201,3,6
201,3,8
201,1,3
201,2,8
201,1,2
201,4,5
201,2,1
201,3,4
201,3,4
201,1,4
201,3,10
202,1,2
202,3,3
202,1,3
202,3,2
202,1,3
202,2,6
202,1,2
202,1,5
202,2,5
202,1,8
202,1,4
202,4,1
202,3,9
202,4,1
202,3,8
202,2,9
202,2,1
202,3,10
202,1,9
202,2,1
202,1,1
202,2,10
202,3,10
202,3,1
202,1,9
202,4,3
202,2,1
202,2,10
202,2,7
202,4,4
202,4,10
202,1,2
202,2,2
202,5,8
202,3,9
202,5,10
202,1,10
202,5,8
203,1,1
203,3,3
203,1,8
203,2,4
203,4,3
203,1,8
203,2,10
203,5,7
203,1,2
203,1,10
203,3,4
203,1,8
203,1,8
203,1,8
203,2,10
203,5,3
203,4,10
203,3,10
203,3,7
203,5,1
203,2,1
203,3,6
203,4,10
203,4,2
203,1,6
203,4,3
203,2,9
203,4,4
203,3,3
203,5,5
203,5,10
203,4,5
203,2,2
203,3,6
204,2,5
204,2,8
204,5,6
204,5,9
204,4,2
204,3,9
204,5,7
204,2,10
204,5,6
204,3,5
204,2,8
204,2,1
204,5,2
204,1,4
204,5,6
204,1,1
204,5,3
204,3,2
204,4,2
204,1,8
204,4,10
204,4,5
204,4,7
204,5,7
204,4,4
204,2,5
204,3,5
204,4,9
204,1,9
204,5,2
204,3,10
204,3,9
204,2,9
204,4,4
204,1,9
204,2,7
204,1,3
205,2,6
205,4,5
205,3,9
205,3,8
205,4,5
205,1,10
205,4,2
205,3,7
205,4,4
205,5,2
205,2,5
205,4,6
205,3,2
205,5,10
205,1,4
205,1,5
205,2,7
205,3,3
205,5,6
205,1,4
205,1,8
205,1,2
205,4,7
205,5,8
205,3,10
205,5,9
205,5,1
205,2,1
205,3,1
205,1,5
205,4,3
205,3,4
205,3,9
205,3,10
205,4,10
205,5,3
205,4,1
206,4,7
206,1,4
206,1,4
206,3,2
206,3,7
206,2,2
206,4,6
206,4,10
206,2,7
206,5,3
206,2,2
206,4,7
206,2,4
206,4,10
206,3,3
206,3,10
206,1,1
206,5,10
206,1,4
206,3,2
206,2,8
206,2,8
206,4,6
206,2,5
206,3,9
206,1,2
206,4,6
206,4,1
206,4,4
206,2,5
206,5,5
207,2,1
207,4,9
207,4,1
207,2,3
207,3,8
207,5,10
207,3,6
207,2,7
207,4,7
207,5,4
207,1,9
207,4,3
207,3,2
207,5,1
207,5,6
207,5,10
207,2,10
207,4,2
207,2,7
207,3,8
207,4,10
207,1,9
207,3,4
207,3,1
207,3,7
207,4,10
207,1,1
207,2,6
208,1,6
208,4,6
208,4,2
208,1,10
208,5,9
208,5,4
208,5,7
208,5,1
208,5,4
208,5,5
208,4,3
208,1,3
208,3,3
208,5,5
208,4,6
208,2,1
208,2,5
208,4,4
208,5,9
208,1,3
208,5,1
208,3,5
208,4,4
208,2,10
208,1,10
208,2,4
208,1,9
208,3,5
208,3,6
208,2,2
208,1,9
208,2,1
208,3,4
208,3,6
208,5,8
208,5,2
208,1,3
209,1,9
209,5,10
209,3,6
209,4,4
209,4,8
209,5,10
209,2,3
209,1,3
209,1,9
209,2,5
209,3,8
209,2,6
209,1,5
209,4,5
209,4,6
209,5,9
209,3,6
209,2,1
209,1,10
209,2,5
209,5,1
209,2,9
209,1,5
209,4,4
209,5,4
209,4,5
209,5,9
209,4,10
209,2,4
209,5,8
209,4,10
209,1,3
209,1,9
209,4,2
209,4,10
209,4,10
209,1,10
209,4,1
209,3,2
210,5,10
210,5,9
210,2,5
210,4,9
210,3,6
210,2,7
210,3,4
210,2,7
210,5,9
210,4,9
210,3,3
210,1,1
210,5,3
210,4,2
210,2,10
210,3,2
210,1,2
210,3,10
210,2,5
210,5,5
210,2,5
210,4,5
210,4,5
210,4,2
210,4,2
210,1,4
210,4,9
210,3,7
210,4,8
210,3,8
210,3,3
210,4,1
211,4,8
211,3,9
211,3,5
211,3,3
211,1,8
211,4,2
211,5,7
211,5,5
211,1,9
211,5,4
211,3,8
211,3,5
211,1,6
211,4,9
211,1,1
211,2,1
211,1,2
211,2,7
211,4,1
211,2,8
211,2,4
211,4,5
211,4,3
211,1,3
211,2,1
211,2,9
211,5,8
211,4,1
212,1,1
212,3,6
212,4,9
212,1,8
212,2,4
212,5,3
212,1,10
212,5,3
212,5,10
212,5,8
212,4,3
212,3,10
212,5,9
212,3,4
212,2,8
212,4,4
212,2,2
212,4,1
212,4,7
212,3,5
212,3,6
212,4,3
212,2,3
212,1,1
212,2,8
212,2,3
212,1,10
212,3,5
212,2,8
212,1,6
212,3,5
212,1,6
212,2,7
212,2,8
212,2,5
213,5,10
213,3,9
213,1,2
213,1,3
213,1,5
213,1,6
213,1,2
213,1,10
213,5,1
213,1,6
213,3,9
213,1,5
213,3,6
213,3,1
213,2,8
213,4,10
213,5,10
213,4,6
213,5,6
213,4,9
213,3,4
213,1,5
213,4,1
213,5,9
213,3,9
213,4,2
213,3,3
213,4,3
213,2,5
213,2,5
213,1,3
213,5,2
213,1,1
213,3,4
214,3,8
214,2,3
214,4,1
214,3,4
214,5,10
214,5,6
214,5,9
214,2,9
214,3,2
214,1,5
214,4,10
214,4,1
214,5,3
214,5,10
214,2,7
214,3,9
214,5,10
214,1,4
214,3,9
214,3,6
214,4,6
214,4,3
214,4,1
214,1,7
214,2,3
214,2,10
214,4,8
214,1,9
215,3,5
215,1,6
215,2,4
215,3,6
215,4,3
215,2,9
215,5,4
215,5,3
215,2,6
215,4,1
215,3,4
215,3,5
215,4,3
215,5,2
215,1,3
215,5,8
215,1,6
215,5,1
215,3,2
215,4,10
215,3,4
215,1,5
215,2,4
215,4,5
215,5,4
215,5,10
215,2,8
215,3,1
215,5,6
215,2,9
215,3,7
215,4,4
215,3,6
215,4,9
215,2,2
215,1,8
215,5,7
215,1,1
215,3,9
215,2,5
215,3,10
215,1,6
215,2,10
216,1,5
216,5,10
216,2,2
216,3,6
216,4,7
216,2,1
216,4,1
216,1,10
216,3,8
216,3,5
216,1,7
216,1,6
216,3,7
216,4,2
216,5,7
216,3,10
216,2,3
216,3,4
216,3,8
216,1,10
216,3,6
216,1,8
216,3,5
216,4,9
216,4,2
216,3,10
216,3,4
216,3,9
216,5,7
216,4,7
216,2,5
216,1,9
217,2,9
217,5,1
217,2,3
217,2,9
217,4,7
217,1,2
217,1,8
217,1,1
217,4,5
217,5,4
217,5,1
217,1,10
217,3,8
217,5,8
217,1,3
217,5,1
217,5,5
217,4,1
217,4,2
217,5,6
217,3,6
217,2,7
217,4,2
217,4,8
217,1,5
217,1,8
217,1,4
217,3,4
217,2,1
217,2,4
218,3,3
218,4,5
218,4,6
218,1,8
218,4,6
218,4,2
218,4,1
218,3,3
218,2,9
218,2,7
218,3,3
218,4,8
218,2,5
218,1,9
218,2,9
218,3,7
218,4,1
218,3,1
218,5,10
218,5,10
218,4,2
218,2,5
218,3,3
218,3,4
218,5,3
218,5,5
218,2,5
219,1,3
219,2,7
219,5,2
219,1,2
219,1,3
219,4,4
219,5,5
219,1,8
219,2,2
219,3,3
219,2,6
219,4,5
219,3,8
219,1,8
219,2,2
219,2,5
219,2,8
219,2,2
219,5,1
219,1,4
219,2,4
219,5,2
219,1,7
219,5,2
219,2,2
219,2,4
219,3,10
220,5,4
220,2,5
220,2,8
220,4,3
220,4,9
220,2,5
220,1,5
220,1,6
220,2,9
220,4,4
220,5,1
220,5,4
220,3,7
220,2,1
220,2,1
220,4,1
220,2,8
220,2,10
220,5,7
220,4,1
220,4,9
220,3,9
220,2,4
220,1,8
220,4,3
220,1,3
220,1,4
220,4,3
220,5,3
220,2,1
220,2,10
220,5,6
220,2,9
220,3,8
221,3,1
221,1,9
221,1,10
221,1,8
221,2,8
221,4,9
221,3,4
221,1,10
221,1,9
221,5,10
221,3,9
221,4,2
221,1,10
221,1,2
221,1,9
221,3,1
221,5,7
221,2,6
221,2,5
221,1,1
221,1,4
221,3,2
221,4,2
221,4,10
221,1,1
221,5,2
221,2,7
221,5,6
221,5,8
221,5,3
221,1,3
221,1,2
221,1,5
221,4,3
221,2,2
221,1,9
221,1,4
221,2,10
221,1,8
221,4,9
221,4,6
221,1,4
221,4,5
221,3,7
221,3,9
222,5,5
222,2,9
222,1,2
222,3,2
222,4,7
222,5,1
222,5,3
222,5,3
222,3,10
222,3,3
222,3,2
222,5,7
222,5,10
222,1,3
222,4,8
222,4,2
222,1,4
222,1,8
222,4,8
222,5,4
222,4,7
222,3,3
222,5,4
222,4,8
222,4,9
222,2,1
222,3,5
222,4,1
222,1,9
222,4,7
222,2,10
222,1,1
222,3,8
222,5,4
222,1,10
222,2,2
223,1,10
223,2,1
223,3,3
223,1,3
223,5,3
223,3,5
223,4,5
223,1,4
223,4,5
223,2,10
223,3,2
223,4,5
223,2,10
223,3,3
223,1,1
223,1,4
223,3,9
223,4,7
223,1,10
223,4,2
223,4,4
223,5,2
224,4,2
224,1,3
224,3,5
224,1,4
224,5,7
224,4,6
224,1,7
224,5,1
224,2,9
224,2,5
224,3,8
224,2,2
224,4,1
224,5,1
224,2,3
224,4,10
224,3,1
224,1,8
224,3,8
224,1,9
224,3,3
224,5,8
224,4,7
224,4,2
224,3,9
224,3,10
224,4,3
224,1,1
224,2,2
224,5,8
224,4,5
224,3,2
224,1,2
224,1,7
224,2,4
224,3,9
225,5,3
225,4,10
225,2,8
225,5,1
225,3,10
225,3,7
225,4,4
225,5,6
225,5,2
225,3,6
225,4,6
225,2,5
225,1,9
225,4,3
225,4,2
225,5,5
225,2,1
225,3,8
225,3,8
225,1,3
225,3,2
225,5,10
226,4,9
226,4,3
226,5,7
226,3,2
226,1,5
226,3,4
226,3,5
226,3,10
226,4,8
226,1,3
226,5,6
226,1,7
226,2,1
226,1,1
226,5,9
226,1,10
226,5,8
226,4,2
226,2,2
226,2,7
226,2,1
226,2,9
226,2,8
226,3,9
226,2,8
226,5,10
226,1,7
226,2,2
226,5,2
226,1,4
226,1,5
226,4,4
226,5,10
226,5,10
226,1,8
226,4,9
226,3,2
227,3,3
227,3,7
227,2,7
227,1,4
227,5,7
227,1,3
227,4,3
227,1,8
227,4,6
227,3,6
227,3,10
227,4,1
227,3,10
227,4,10
227,3,8
227,1,8
227,2,5
227,3,4
227,3,9
227,2,8
227,1,8
227,2,4
227,2,2
227,1,6
227,3,6
227,5,4
227,4,8
227,2,4
227,5,5
227,1,9
227,2,4
227,1,10
227,4,8
227,3,7
227,2,6
227,1,3
227,2,1
227,3,2
227,1,3
227,4,8
228,4,5
228,3,9
228,2,8
228,2,5
228,2,6
228,4,2
228,1,6
228,1,6
228,4,5
228,1,6
228,5,8
228,1,9
228,3,7
228,4,3
228,2,4
228,3,5
228,2,6
228,1,1
228,5,5
228,2,3
228,3,1
228,1,7
228,3,9
228,2,1
228,5,9
228,1,2
228,2,4
228,1,3
228,5,2
228,1,7
228,1,5
228,5,1
229,1,1
229,2,5
229,4,8
229,2,8
229,4,10
229,3,3
229,4,4
229,3,2
229,4,8
229,3,10
229,1,9
229,1,10
229,3,5
229,5,8
229,2,8
229,2,9
229,3,6
229,1,5
229,1,6
229,5,1
229,5,6
229,3,6
229,5,7
229,3,6
229,5,7
229,2,8
229,3,6
229,4,10
229,5,3
229,2,2
229,2,7
229,5,4
229,4,3
229,3,2
229,2,7
229,2,8
229,5,10
229,3,4
229,5,1
229,1,3
229,2,6
229,4,3
230,2,6
230,4,3
230,2,10
230,3,8
230,5,5
230,1,1
230,5,1
230,5,5
230,4,2
230,5,2
230,4,7
230,5,5
230,5,6
230,2,6
230,2,5
230,4,4
230,2,4
230,3,2
230,2,9
230,1,9
230,3,1
230,3,9
230,2,8
230,2,7
230,2,1
230,2,8
230,3,2
230,2,8
230,4,8
230,4,2
230,4,10
230,5,4
230,4,3
231,4,6
231,3,2
231,1,8
231,5,6
231,4,5
231,4,3
231,2,8
231,1,2
231,2,5
231,4,4
231,5,3
231,4,1
231,3,6
231,5,7
231,4,2
231,4,9
231,3,8
231,2,3
231,5,6
231,2,6
231,2,7
231,2,6
231,3,4
231,1,2
231,1,4
231,1,2
231,3,4
232,3,2
232,4,6
232,5,5
232,2,9
232,4,5
232,4,6
232,5,3
232,3,8
232,5,1
232,4,4
232,1,3
232,1,8
232,2,1
232,3,8
232,4,6
232,3,2
232,1,2
232,3,1
232,1,8
232,1,6
232,3,10
232,4,5
232,2,4
232,3,10
232,5,8
232,1,6
232,3,6
232,3,4
232,2,9
232,2,6
232,5,6
232,1,6
232,4,1
232,2,6
232,4,3
232,4,8
232,3,2
232,4,5
232,3,3
232,2,1
232,4,5
232,3,7
232,3,10
232,4,2
232,4,3
232,2,4
232,2,4
232,3,6
232,2,1
232,1,1
232,5,5
232,1,3
232,3,8
232,4,8
233,3,8
233,2,8
233,1,3
233,2,3
233,4,4
233,4,3
233,1,6
233,4,2
233,4,3
233,3,6
233,4,7
233,4,10
233,4,8
233,1,2
233,3,5
233,3,9
233,1,2
233,1,8
233,3,7
233,4,4
233,5,8
233,4,7
233,4,2
233,1,7
233,1,2
233,5,8
233,1,4
233,1,2
233,1,6
233,1,1
233,2,3
233,2,6
233,5,5
233,4,2
233,1,5
233,1,4
234,5,10
234,4,4
234,2,6
234,2,3
234,2,8
234,2,6
234,1,8
234,1,2
234,2,5
234,1,1
234,2,5
234,4,7
234,3,8
234,5,7
234,1,6
234,4,2
234,2,6
234,3,1
234,1,6
234,2,4
234,4,3
234,1,10
234,2,5
234,2,3
234,4,4
234,1,1
234,1,6
234,4,1
234,1,7
234,5,9
234,2,7
234,4,7
234,1,1
235,4,9
235,3,9
235,5,6
235,4,2
235,1,5
235,2,5
235,3,7
235,1,6
235,2,10
235,4,5
235,5,10
235,1,5
235,2,2
235,4,5
235,5,3
235,4,10
235,3,8
235,3,2
235,1,9
235,5,6
235,5,1
235,4,1
235,5,2
235,5,6
235,1,2
235,1,9
235,5,3
235,4,4
235,5,2
235,3,2
235,2,10
235,1,7
235,1,8
235,5,4
235,2,3
235,2,9
235,2,5
235,5,5
235,4,5
235,3,1
235,5,10
236,1,2
236,1,9
236,1,10
236,3,9
236,1,3
236,4,10
236,2,10
236,4,2
236,4,7
236,5,9
236,4,8
236,1,4
236,2,5
236,3,9
236,2,3
236,3,9
236,2,5
236,2,5
236,2,7
236,1,2
236,3,7
236,1,2
236,4,1
236,2,7
236,4,2
236,2,9
236,3,9
236,1,7
236,5,2
236,4,3
236,2,2
236,3,6
236,4,5
236,3,1
236,3,6
236,4,3
236,4,9
236,3,8
236,5,4
236,4,4
236,4,10
236,5,4
236,3,9
236,3,3
236,4,6
236,5,6
237,1,5
237,2,6
237,4,6
237,4,3
237,5,1
237,2,9
237,4,4
237,5,6
237,1,7
237,4,10
237,1,1
237,4,2
237,1,8
237,1,3
237,3,10
237,5,6
237,4,3
237,2,10
237,3,10
237,1,10
237,5,1
237,3,3
237,5,3
237,3,1
237,4,6
237,4,9
237,4,2
237,3,2
237,3,9
237,2,9
237,4,10
237,2,1
237,5,9
237,5,10
237,1,4
237,1,10
237,5,6
237,5,4
237,5,5
238,3,10
238,4,3
238,1,8
238,5,7
238,4,5
238,5,2
238,5,6
238,3,9
238,2,10
238,2,7
238,5,9
238,1,2
238,1,6
238,4,1
238,3,7
238,1,8
238,3,1
238,4,7
238,1,5
238,3,6
238,1,6
238,1,5
238,2,4
238,3,7
238,3,8
238,2,7
238,4,5
238,4,1
238,4,4
238,1,6
239,2,9
239,1,7
239,4,8
239,2,7
239,2,6
239,5,2
239,3,6
239,2,4
239,3,5
239,4,7
239,3,6
239,5,4
239,2,4
239,3,1
239,4,8
239,5,5
239,2,1
239,4,6
239,5,6
239,3,8
239,3,3
239,1,2
239,4,8
239,4,9
239,2,2
239,1,1
239,3,8
239,1,6
239,2,1
239,4,4
239,1,8
239,3,9
239,2,4
239,3,5
239,5,2
239,1,10
239,3,8
239,1,8
239,5,7
240,2,1
240,4,5
240,5,9
240,2,4
240,3,9
240,2,4
240,1,7
240,1,7
240,5,8
240,5,4
240,4,4
240,2,9
240,2,7
240,4,4
240,3,2
240,5,6
240,4,6
240,3,8
240,3,3
240,2,6
240,3,5
240,4,8
240,3,7
240,1,2
240,1,4
240,5,10
240,1,2
240,1,10
241,3,8
241,1,8
241,4,7
241,5,7
241,5,10
241,4,2
241,2,1
241,2,4
241,5,7
241,4,7
241,1,9
241,1,9
241,2,10
241,4,4
241,5,5
241,4,1
241,1,1
241,4,7
241,1,10
241,3,3
241,2,9
241,3,4
241,4,7
241,1,7
241,2,1
241,2,9
241,4,9
241,5,2
241,3,4
241,5,4
241,1,6
241,1,7
241,5,5
241,4,8
241,2,2
241,2,9
241,5,8
241,3,6
241,5,7
241,4,4
242,4,10
242,1,10
242,1,8
242,1,7
242,5,10
242,3,3
242,4,10
242,1,8
242,3,1
242,1,9
242,2,10
242,5,8
242,5,5
242,4,3
242,1,7
242,4,8
242,2,6
242,2,2
242,3,1
242,4,4
242,2,2
242,2,7
242,2,2
242,4,10
242,3,2
242,2,9
242,3,8
242,4,3
242,2,4
242,3,4
243,4,1
243,1,3
243,2,3
243,3,10
243,5,1
243,2,10
243,4,1
243,2,4
243,2,4
243,1,7
243,4,2
243,4,9
243,5,8
243,3,2
243,5,3
243,1,2
243,4,6
243,1,1
243,1,7
243,4,2
243,1,1
243,5,6
243,2,5
243,2,7
243,1,6
243,3,2
243,2,7
243,1,4
243,3,9
243,5,5
244,4,7
244,5,5
244,1,1
244,5,3
244,5,4
244,1,2
244,2,3
244,3,10
244,5,4
244,2,8
244,1,8
244,2,1
244,3,10
244,5,7
244,5,6
244,3,7
244,2,1
244,4,5
244,5,5
244,4,9
244,3,9
244,2,9
244,2,4
244,3,8
244,4,6
244,5,3
244,1,6
244,3,7
244,3,3
244,5,4
244,4,1
244,3,9
244,3,4
244,5,8
244,2,9
244,1,6
244,3,10
244,1,7
245,4,3
245,4,4
245,3,6
245,1,5
245,2,5
245,3,9
245,3,6
245,4,4
245,3,8
245,3,6
245,3,9
245,2,10
245,4,8
245,5,8
245,5,5
245,2,8
245,3,9
245,4,5
245,4,10
245,4,1
245,1,5
245,4,8
245,2,3
245,1,2
245,4,4
245,1,1
245,3,7
245,2,4
245,4,2
245,4,5
245,3,8
245,5,7
245,2,8
245,1,1
246,5,9
246,4,7
246,4,4
246,3,8
246,1,3
246,2,8
246,1,3
246,3,7
246,1,9
246,2,3
246,3,5
246,1,5
246,5,6
246,4,9
246,1,9
246,3,2
246,2,6
246,2,3
246,3,3
246,1,5
246,3,2
246,2,3
246,4,9
246,1,7
246,3,5
246,1,5
246,5,10
246,2,7
246,1,6
246,1,6
246,2,4
246,2,8
246,4,6
246,4,7
246,3,8
246,5,4
247,2,2
247,1,1
247,5,7
247,4,6
247,5,4
247,5,1
247,4,3
247,5,6
247,2,6
247,3,9
247,4,6
247,1,7
247,5,3
247,5,6
247,1,7
247,3,5
247,4,2
247,5,1
247,5,5
247,3,9
247,3,10
247,3,10
247,4,6
247,4,2
247,4,6
247,2,8
247,4,2
247,5,3
247,4,1
247,2,5
247,4,3
247,1,7
247,4,4
247,2,5
247,1,7
247,2,1
247,4,4
248,5,2
248,5,7
248,2,6
248,4,5
248,3,9
248,3,9
248,2,1
248,1,4
248,3,10
248,5,5
248,1,4
248,4,7
248,1,8
248,3,5
248,1,2
248,4,3
248,2,6
248,5,9
248,5,4
248,1,1
248,4,6
248,2,6
248,1,1
248,2,6
248,1,5
248,3,1
248,4,6
248,2,7
248,1,10
248,1,5
248,2,3
248,1,3
249,1,3
249,4,7
249,2,7
249,3,7
249,3,3
249,1,6
249,2,3
249,2,10
249,1,2
249,1,8
249,1,1
249,5,7
249,4,10
249,3,3
249,5,5
249,1,5
249,3,8
249,2,2
249,1,6
249,1,8
249,4,7
249,4,10
249,5,9
249,5,5
249,1,5
249,4,5
249,2,1
249,1,10
249,4,4
249,3,7
249,3,3
249,2,7
249,3,6
249,5,1
250,2,1
250,4,2
250,4,10
250,5,5
250,3,10
250,4,10
250,1,3
250,5,10
250,3,6
250,5,8
250,4,7
250,2,3
250,5,10
250,4,8
250,3,8
250,5,4
250,3,9
250,4,4
250,3,6
250,5,7
250,1,9
250,3,6
250,3,1
250,2,4
250,4,8
250,2,10
250,1,1
250,1,4
250,2,2
250,5,5
250,4,3
250,1,6
250,4,4
251,5,5
251,1,4
251,2,2
251,3,6
251,2,7
251,1,10
251,3,4
251,2,1
251,4,6
251,4,3
251,5,10
251,5,8
251,2,6
251,1,9
251,1,6
251,3,5
251,5,10
251,3,2
251,4,7
251,5,4
251,4,8
251,5,3
251,4,8
251,2,5
251,5,7
251,2,10
251,2,9
251,3,3
251,4,2
251,3,3
251,1,6
251,1,8
251,3,1
251,4,9
251,2,6
251,2,8
251,2,9
252,1,5
252,3,7
252,1,5
252,3,8
252,4,2
252,5,1
252,4,5
252,1,9
252,2,10
252,1,8
252,5,1
252,5,6
252,3,4
252,4,4
252,5,5
252,4,1
252,4,10
252,4,1
252,2,1
252,5,2
252,4,10
252,4,3
252,4,5
252,1,7
252,4,7
252,1,5
252,5,4
252,1,6
252,4,10
252,4,9
252,2,2
252,5,4
252,2,9
252,3,8
252,3,1
252,5,2
252,3,9
253,4,9
253,2,10
253,4,9
253,3,8
253,2,5
253,5,10
253,2,3
253,1,9
253,3,2
253,5,1
253,2,3
253,4,5
253,4,2
253,3,2
253,5,10
253,3,8
253,1,3
253,5,10
253,5,6
253,2,4
253,1,4
253,4,7
253,1,9
253,5,10
253,2,7
253,2,6
253,2,8
253,3,10
253,2,2
253,3,5
253,3,5
253,2,7
253,1,7
253,2,8
253,5,2
253,2,2
253,2,2
253,2,4
253,3,7
253,4,4
253,2,9
254,4,10
254,4,3
254,3,2
254,3,7
254,3,2
254,3,3
254,5,5
254,1,3
254,4,5
254,1,5
254,3,9
254,3,2
254,4,1
254,1,8
254,3,7
254,3,7
254,1,6
254,4,4
254,4,9
254,5,10
254,5,1
254,4,4
254,3,1
254,3,10
254,3,10
254,5,7
254,5,10
254,2,9
254,3,2
254,5,7
255,1,1
255,4,4
255,5,10
255,4,2
255,4,5
255,2,3
255,2,5
255,1,9
255,3,6
255,2,5
255,1,9
255,4,7
255,5,5
255,2,5
255,2,4
255,5,10
255,3,10
255,3,10
255,2,6
255,1,6
255,2,7
255,1,7
255,4,1
255,3,7
255,5,8
255,2,9
255,3,8
255,4,7
255,3,3
255,2,1
255,3,3
255,2,9
255,2,8
255,3,8
256,1,5
256,2,3
256,2,3
256,4,7
256,3,6
256,3,10
256,5,7
256,5,4
256,2,10
256,1,10
256,5,7
256,4,8
256,3,2
256,5,2
256,4,10
256,4,6
256,1,5
256,3,8
256,5,4
256,3,2
256,5,9
256,2,2
256,3,1
256,5,1
256,2,4
256,4,9
256,1,2
256,1,5
256,3,9
256,1,5
256,4,7
256,2,3
256,3,1
256,2,5
256,4,9
256,2,3
256,4,4
256,4,4
256,4,9
256,5,6
256,2,8
256,5,3
256,5,9
256,4,7
256,1,3
256,3,10
256,5,1
256,3,2
256,3,9
256,4,10
256,5,4
257,2,9
257,3,4
257,1,3
257,3,8
257,5,9
257,5,6
257,3,10
257,5,8
257,3,5
257,4,5
257,5,1
257,4,3
257,3,2
257,1,10
257,1,1
257,4,6
257,1,5
257,3,8
257,1,9
257,2,4
257,3,1
257,4,3
257,2,9
257,2,8
257,2,4
257,5,6
257,1,4
258,2,5
258,5,6
258,1,6
258,1,5
258,1,8
258,5,1
258,1,3
258,1,9
258,2,2
258,2,9
258,2,5
258,2,6
258,2,5
258,3,5
258,5,2
258,3,5
258,1,2
258,1,4
258,1,6
258,2,7
258,2,10
258,4,1
258,3,3
258,5,3
258,4,8
258,1,2
258,5,4
258,4,3
258,1,7
258,1,9
258,3,5
258,1,6
258,4,4
259,4,2
259,5,6
259,3,9
259,3,9
259,5,2
259,3,4
259,1,2
259,1,6
259,1,4
259,5,9
259,1,5
259,3,3
259,5,10
259,1,4
259,4,10
259,1,1
259,4,10
259,5,9
259,1,7
259,5,4
259,4,2
259,1,9
259,1,6
259,3,4
259,4,8
259,4,4
259,1,7
259,1,4
259,5,1
259,4,7
259,5,4
259,5,10
259,1,8
259,2,8
259,2,5
259,4,5
259,4,8
259,1,8
260,2,6
260,2,8
260,3,5
260,4,8
260,1,1
260,1,8
260,2,9
260,2,3
260,5,4
260,3,10
260,5,6
260,3,7
260,5,1
260,4,4
260,1,10
260,1,5
260,2,6
260,4,4
260,1,2
260,1,4
260,4,6
260,1,8
260,2,2
260,3,5
260,5,8
260,4,4
260,3,6
260,5,4
260,5,1
260,5,3
260,3,7
260,5,3
261,1,7
261,4,8
261,3,10
261,5,1
261,2,5
261,2,2
261,3,9
261,3,5
261,5,10
261,4,3
261,5,1
261,3,2
261,5,3
261,2,8
261,1,2
261,2,7
261,3,6
261,1,9
261,1,1
261,1,6
261,5,5
261,1,10
261,4,4
261,2,1
261,2,9
261,5,8
261,4,2
261,5,1
261,5,6
261,1,7
261,1,3
261,2,4
261,5,10
261,3,6
261,4,6
261,5,10
261,5,10
261,1,10
262,4,6
262,4,7
262,1,4
262,5,8
262,2,7
262,4,4
262,3,9
262,1,6
262,4,10
262,5,4
262,3,5
262,2,8
262,4,2
262,4,5
262,1,2
262,4,2
262,1,1
262,3,9
262,5,4
262,2,6
262,3,10
262,5,3
262,1,3
262,2,3
262,5,2
262,3,8
262,3,6
262,5,5
262,4,1
262,3,1
262,1,3
262,5,6
262,4,2
262,4,8
262,1,9
262,3,6
262,3,4
262,5,4
262,3,4
262,5,3
262,4,6
263,4,1
263,3,9
263,4,9
263,3,10
263,2,2
263,1,9
263,4,4
263,2,1
263,5,4
263,1,1
263,3,8
263,4,3
263,1,2
263,4,10
263,4,8
263,1,5
263,3,6
263,2,8
263,1,5
263,4,4
263,4,10
263,4,3
263,3,5
263,1,2
263,1,6
263,5,2
263,5,3
263,5,10
263,4,2
263,1,10
263,5,5
263,2,6
263,2,7
263,4,7
263,1,4
263,1,1
263,2,9
264,1,7
264,1,5
264,5,8
264,4,1
264,5,9
264,2,4
264,4,9
264,5,6
264,3,10
264,4,3
264,3,6
264,4,6
264,5,10
264,2,8
264,1,10
264,3,7
264,1,9
264,5,10
264,3,2
264,2,3
264,4,10
264,5,6
264,2,6
264,1,5
264,5,2
264,1,7
264,2,3
264,5,7
264,4,2
264,1,6
264,5,7
264,3,9
264,5,8
264,3,2
264,1,10
264,2,6
264,1,5
264,4,4
264,5,6
264,4,10
264,3,4
264,1,3
264,1,3
265,2,8
265,2,1
265,2,8
265,2,8
265,1,8
265,5,7
265,3,2
265,3,4
265,3,9
265,1,3
265,1,1
265,5,9
265,3,10
265,2,1
265,1,1
265,4,3
265,2,3
265,4,2
265,2,9
265,1,4
265,4,2
265,1,10
265,2,9
265,2,6
265,5,8
265,2,2
265,4,7
265,4,8
265,5,5
266,2,7
266,1,2
266,1,6
266,2,9
266,1,2
266,5,1
266,4,1
266,4,4
266,4,9
266,3,9
266,5,1
266,4,4
266,4,8
266,4,2
266,2,5
266,5,5
266,4,5
266,5,5
266,5,6
266,5,5
266,3,4
266,4,5
266,1,3
266,5,4
266,1,1
266,3,9
266,5,5
266,3,10
266,3,4
266,2,3
266,5,7
266,1,1
266,5,5
266,2,10
266,4,6
266,1,4
266,3,10
266,1,4
266,2,2
266,2,9
266,1,2
266,2,9
266,1,9
266,5,2
266,2,7
266,2,8
266,2,5
266,5,2
267,2,3
267,1,3
267,3,4
267,5,8
267,2,10
267,1,2
267,4,8
267,1,1
267,4,6
267,3,5
267,4,8
267,5,10
267,5,10
267,5,2
267,4,8
267,2,1
267,5,1
267,2,9
267,5,4
267,2,4
267,1,8
267,2,9
267,4,8
267,3,1
267,4,9
267,1,7
267,1,9
267,3,4
267,5,10
267,3,1
267,1,7
267,4,5
267,1,7
267,2,7
267,1,6
267,4,3
268,4,9
268,5,3
268,5,4
268,4,5
268,5,7
268,2,3
268,1,5
268,2,1
268,2,6
268,4,4
268,2,2
268,4,5
268,4,3
268,1,10
268,3,10
268,2,5
268,1,10
268,5,9
268,4,8
268,3,9
268,5,6
268,2,1
268,3,9
268,1,10
268,1,5
268,4,2
268,2,10
268,4,10
268,1,6
268,5,7
268,5,4
268,5,5
268,4,4
269,2,5
269,5,8
269,3,3
269,1,3
269,4,3
269,3,6
269,4,8
269,3,7
269,3,4
269,1,2
269,3,8
269,3,4
269,2,8
269,3,10
269,5,2
269,5,7
269,5,8
269,5,4
269,2,8
269,4,8
269,2,5
269,3,2
269,4,8
269,3,10
269,2,8
269,3,5
269,4,9
269,1,4
269,4,9
270,3,1
270,3,8
270,5,6
270,5,5
270,1,8
270,1,7
270,5,7
270,1,4
270,2,6
270,4,9
270,1,8
270,5,4
270,3,9
270,5,2
270,3,2
270,2,3
270,1,2
270,1,1
270,3,2
270,2,4
270,2,5
270,1,1
270,4,3
270,3,6
270,5,10
270,4,4
270,3,1
270,3,5
270,3,3
270,4,10
270,2,6
270,4,9
270,4,1
270,3,6
270,1,1
270,1,7
270,4,3
270,2,9
270,5,3
270,3,5
270,1,10
270,3,9
270,4,3
270,5,3
270,5,4
271,2,10
271,4,3
271,5,2
271,5,9
271,2,7
271,5,5
271,5,4
271,5,10
271,3,6
271,3,2
271,1,5
271,3,6
271,4,2
271,5,7
271,1,6
271,2,3
271,5,3
271,1,8
271,3,3
271,1,5
271,1,2
271,2,2
271,2,10
271,2,7
271,3,4
271,4,1
271,2,8
271,2,8
271,3,5
271,1,6
271,1,8
271,1,8
272,5,6
272,2,4
272,1,3
272,5,5
272,2,8
272,2,7
272,2,10
272,1,4
272,5,6
272,4,5
272,5,10
272,5,6
272,2,9
272,3,5
272,3,8
272,3,10
272,4,6
272,3,7
272,1,1
272,3,6
272,2,3
272,3,4
272,5,9
272,5,7
272,3,6
272,5,7
272,4,7
272,5,8
272,1,6
272,3,2
272,2,8
272,2,9
272,1,2
272,5,8
272,4,10
272,5,3
273,3,10
273,1,8
273,5,5
273,4,8
273,5,2
273,1,8
273,4,10
273,4,8
273,1,6
273,5,8
273,4,3
273,3,5
273,2,1
273,2,7
273,3,7
273,5,1
273,1,4
273,1,6
273,4,4
273,1,4
273,4,7
273,4,10
273,4,8
273,5,5
273,4,2
273,5,8
273,1,10
273,4,10
273,5,1
273,1,10
273,5,4
273,1,3
273,1,5
273,1,2
273,4,10
274,1,7
274,2,8
274,2,7
274,2,8
274,2,4
274,2,3
274,1,4
274,4,9
274,3,8
274,5,8
274,1,2
274,2,10
274,3,8
274,4,3
274,2,5
274,2,3
274,2,2
274,2,8
274,2,1
274,5,4
274,1,5
274,4,9
274,4,3
274,5,5
274,2,5
274,5,7
274,5,4
274,3,7
274,3,9
274,1,8
274,2,9
274,4,10
274,1,4
275,3,10
275,5,5
275,1,2
275,5,4
275,2,8
275,3,3
275,5,5
275,1,8
275,1,4
275,4,4
275,2,1
275,5,7
275,2,6
275,1,8
275,5,6
275,2,10
275,5,9
275,5,9
275,5,7
275,4,7
275,4,4
275,5,8
275,2,4
275,5,8
275,2,1
275,5,1
275,3,5
275,2,10
275,4,2
275,4,3
275,3,10
275,4,9
275,2,8
275,4,7
276,5,2
276,5,3
276,2,9
276,5,9
276,4,7
276,1,9
276,3,9
276,5,1
276,4,2
276,3,6
276,5,7
276,1,4
276,3,9
276,5,3
276,4,6
276,5,4
276,5,7
276,3,2
276,1,6
276,4,3
276,3,2
276,5,9
276,2,8
276,5,3
276,5,7
276,4,3
276,3,8
276,5,5
276,1,2
276,5,7
276,2,7
276,5,7
276,1,1
276,3,10
276,3,8
276,3,7
276,2,4
276,3,6
277,1,6
277,4,9
277,1,10
277,1,6
277,5,5
277,5,6
277,3,1
277,3,4
277,4,5
277,3,6
277,1,4
277,1,3
277,3,6
277,3,2
277,3,5
277,3,4
277,1,4
277,3,3
277,2,2
277,1,3
277,3,9
277,5,10
277,4,9
277,3,4
277,5,8
277,2,4
277,4,9
277,5,10
277,3,7
277,4,1
277,4,1
277,2,1
277,5,8
277,2,4
277,3,7
278,2,3
278,4,10
278,3,9
278,4,1
278,1,1
278,5,10
278,2,3
278,5,8
278,4,2
278,5,5
278,1,7
278,1,5
278,4,1
278,1,2
278,2,9
278,2,9
278,3,3
278,2,10
278,1,6
278,3,4
278,1,8
278,5,3
278,5,3
278,3,1
278,2,3
278,3,6
278,3,2
278,2,1
278,3,7
278,3,10
279,3,7
279,3,2
279,3,9
279,4,1
279,5,10
279,2,1
279,1,6
279,3,5
279,5,1
279,4,9
279,4,10
279,2,5
279,5,5
279,5,8
279,5,8
279,1,6
279,5,10
279,2,6
279,3,2
279,5,2
279,5,10
279,3,9
279,5,7
279,3,7
279,1,10
279,5,5
279,3,7
279,4,6
279,4,2
279,1,4
279,1,3
279,4,2
279,3,7
279,4,7
280,2,5
280,4,5
280,5,7
280,2,7
280,5,2
280,3,1
280,5,7
280,1,6
280,2,1
280,2,4
280,5,1
280,5,4
280,4,1
280,5,8
280,3,6
280,4,9
280,1,9
280,3,7
280,5,4
280,3,1
280,4,10
280,5,4
280,5,2
280,3,2
280,4,9
280,2,7
280,1,5
280,5,7
280,2,3
280,5,5
280,3,6
280,2,8
280,2,7
280,2,5
280,5,5
280,3,10
280,5,4
280,3,10
280,4,6
280,1,8
280,3,7
280,3,9
280,5,5
280,2,10
280,3,8
280,3,3
280,1,5
280,1,1
280,3,9
281,3,7
281,3,1
281,5,6
281,1,7
281,5,7
281,2,1
281,4,1
281,3,2
281,5,8
281,1,1
281,2,8
281,1,10
281,4,5
281,3,9
281,3,4
281,2,4
281,5,10
281,2,4
281,4,7
281,2,6
281,4,7
281,2,8
281,2,7
281,5,10
281,4,10
281,4,8
281,1,1
281,5,6
281,3,8
281,1,2
281,4,8
281,5,6
281,4,3
281,1,9
281,2,10
281,2,8
282,3,10
282,5,4
282,4,4
282,4,5
282,3,3
282,1,6
282,1,10
282,3,6
282,2,8
282,2,9
282,4,3
282,4,6
282,3,6
282,1,2
282,3,7
282,4,1
282,5,9
282,1,3
282,3,3
282,2,5
282,3,4
282,1,4
282,1,1
283,3,1
283,4,7
283,2,9
283,3,7
283,4,8
283,2,8
283,1,7
283,4,6
283,3,8
283,2,9
283,2,10
283,1,10
283,1,7
283,4,10
283,5,6
283,3,5
283,4,8
283,4,4
283,5,1
283,4,5
283,4,9
283,4,6
283,1,10
283,5,3
283,3,8
283,4,10
284,1,1
284,5,1
284,5,9
284,2,2
284,2,9
284,1,2
284,1,5
284,2,2
284,5,5
284,4,5
284,1,5
284,1,8
284,1,4
284,3,6
284,5,6
284,4,6
284,4,8
284,3,4
284,1,8
284,4,4
284,5,5
284,2,2
284,5,3
284,5,1
284,4,4
284,2,2
284,3,1
284,4,9
284,5,10
284,5,7
284,1,5
284,5,2
284,1,5
284,2,2
284,3,4
284,5,2
284,5,10
284,4,1
285,5,9
285,3,3
285,3,7
285,2,9
285,3,10
285,1,3
285,1,1
285,4,10
285,4,7
285,5,5
285,2,9
285,4,2
285,5,6
285,4,9
285,2,7
285,2,1
285,2,5
285,4,10
285,1,2
285,5,10
285,1,5
285,3,3
285,4,4
285,4,4
285,3,2
285,5,9
285,3,2
285,1,8
285,3,8
285,1,8
285,1,6
285,1,5
285,1,5
285,3,6
285,2,1
285,3,7
285,5,4
285,2,7
285,4,9
285,1,6
285,3,1
285,1,10
285,5,8
286,5,8
286,4,3
286,3,7
286,2,10
286,2,7
286,5,2
286,5,8
286,4,2
286,1,6
286,1,2
286,2,7
286,3,6
286,2,7
286,4,8
286,3,7
286,5,7
286,4,5
286,1,8
286,4,8
286,3,4
286,4,7
286,1,9
286,5,4
286,1,6
286,4,3
286,1,1
286,2,8
286,5,9
286,4,10
286,5,3
286,3,10
286,5,2
286,2,9
286,2,9
286,2,5
287,4,10
287,3,3
287,2,9
287,1,10
287,1,1
287,3,8
287,4,1
287,3,2
287,5,6
287,1,6
287,2,9
287,3,10
287,4,10
287,4,4
287,3,1
287,3,8
287,4,3
287,2,5
287,4,7
287,1,10
287,3,6
287,2,4
287,5,8
287,4,8
287,4,1
287,5,9
287,1,8
287,3,7
287,4,1
287,2,2
288,1,8
288,3,6
288,4,5
288,3,10
288,4,8
288,5,9
288,3,4
288,2,6
288,2,7
288,2,5
288,4,2
288,2,3
288,3,6
288,3,1
288,1,1
288,3,5
288,1,5
288,1,1
288,5,7
288,4,1
288,3,10
288,2,3
288,2,6
288,5,3
288,5,4
288,4,1
288,2,2
289,4,4
289,3,3
289,4,3
289,4,7
289,5,3
289,5,6
289,4,6
289,4,5
289,2,6
289,3,6
289,3,10
289,1,9
289,4,3
289,3,10
289,1,1
289,3,9
289,3,3
289,2,4
289,4,5
289,3,3
289,1,5
289,3,5
289,1,1
289,4,9
289,2,2
289,1,1
289,2,6
289,3,9
289,1,5
289,5,3
289,1,5
289,4,4
289,5,5
289,2,3
290,1,4
290,2,1
290,5,8
290,1,10
290,4,10
290,5,8
290,4,9
290,4,8
290,1,7
290,4,10
290,1,9
290,2,5
290,2,8
290,5,1
290,1,1
290,3,4
290,3,5
290,3,8
290,1,6
290,1,8
290,5,2
290,2,8
290,1,6
290,4,9
290,1,3
290,1,10
290,3,4
290,4,9
290,2,2
291,2,2
291,3,7
291,5,4
291,3,3
291,4,1
291,4,4
291,1,7
291,3,9
291,2,1
291,1,4
291,4,10
291,1,8
291,3,6
291,5,5
291,4,8
291,4,5
291,4,6
291,3,4
291,5,8
291,3,1
291,3,6
291,1,7
291,5,4
291,1,9
291,5,1
291,2,9
291,1,1
291,2,7
291,1,10
291,1,6
291,2,9
291,1,3
291,5,10
291,5,6
291,3,6
291,5,6
291,4,4
291,2,4
291,3,3
291,2,10
291,2,7
292,2,6
292,3,4
292,1,1
292,3,5
292,5,4
292,5,4
292,5,1
292,2,3
292,3,5
292,1,2
292,5,1
292,3,7
292,2,8
292,3,6
292,5,9
292,4,8
292,4,5
292,1,5
292,5,9
292,3,2
292,1,3
292,1,8
292,1,3
292,2,2
292,1,10
292,1,2
292,3,1
292,3,8
292,4,5
292,1,8
292,3,5
292,3,5
292,5,2
292,2,5
292,4,2
293,3,3
293,1,6
293,5,8
293,3,6
293,3,5
293,4,6
293,4,6
293,2,1
293,5,6
293,2,3
293,5,6
293,5,5
293,3,5
293,4,2
293,2,1
293,3,10
293,4,10
293,1,10
293,1,4
293,3,1
293,5,9
293,4,4
293,4,8
293,3,6
293,4,8
293,2,6
293,4,5
293,4,4
293,5,8
293,1,8
293,3,5
293,2,8
293,3,9
293,4,6
293,4,8
293,4,1
294,1,8
294,2,8
294,1,10
294,3,2
294,3,5
294,2,4
294,1,8
294,3,4
294,5,8
294,3,7
294,5,2
294,1,5
294,4,7
294,4,1
294,3,4
294,3,8
294,2,3
294,1,9
294,3,4
294,1,8
294,4,8
294,4,9
294,1,3
294,5,5
294,2,5
295,1,5
295,4,2
295,4,9
295,3,1
295,5,2
295,2,8
295,5,9
295,1,1
295,3,8
295,5,1
295,1,3
295,3,3
295,2,2
295,3,6
295,1,4
295,4,10
295,5,10
295,2,9
295,3,8
295,2,6
295,5,2
295,1,6
295,4,7
295,1,3
295,2,5
295,3,2
295,2,10
295,1,7
295,5,1
295,3,10
296,3,6
296,1,6
296,1,8
296,4,1
296,2,7
296,5,3
296,5,9
296,1,10
296,2,3
296,5,10
296,5,8
296,1,2
296,4,8
296,3,4
296,3,3
296,2,5
296,2,3
296,5,6
296,3,6
296,3,6
296,5,2
296,3,8
296,3,2
296,4,3
296,3,9
296,3,8
296,4,6
296,5,9
296,1,3
296,4,6
296,2,7
296,4,2
296,3,2
296,5,7
296,1,4
296,1,4
296,3,7
296,3,1
296,5,9
297,1,1
297,3,9
297,1,1
297,4,5
297,4,9
297,2,9
297,2,8
297,4,6
297,1,1
297,3,9
297,2,7
297,3,10
297,2,8
297,4,7
297,3,2
297,2,2
297,3,2
297,2,2
297,2,7
297,3,1
297,3,10
297,3,8
297,1,3
297,1,7
297,2,8
297,5,5
297,5,9
297,3,9
297,4,8
297,3,10
297,5,8
297,5,9
297,3,5
297,1,3
297,2,7
297,1,6
297,4,6
297,5,1
297,4,9
297,2,8
297,5,1
297,5,4
297,2,5
297,3,8
298,1,2
298,1,1
298,2,5
298,3,2
298,3,6
298,2,9
298,3,1
298,4,2
298,1,2
298,4,5
298,2,9
298,1,4
298,1,7
298,3,1
298,1,7
298,1,4
298,2,10
298,4,10
298,5,10
298,5,1
298,4,8
298,1,2
298,1,1
298,2,2
298,4,4
298,3,9
298,4,7
298,4,5
298,1,6
298,2,9
298,5,4
299,5,10
299,1,2
299,5,8
299,1,7
299,5,5
299,4,4
299,4,4
299,4,9
299,5,2
299,3,6
299,1,4
299,1,10
299,2,8
299,2,2
299,2,9
299,1,5
299,4,1
299,2,5
299,1,3
299,3,8
299,2,5
299,3,2
299,1,5
299,2,10
299,1,4
299,2,7
299,5,10
299,4,3
299,1,4
299,5,8
299,5,4
299,1,5
299,4,6
299,5,3
299,1,9
299,3,1
300,1,6
300,3,8
300,5,3
300,5,10
300,5,5
300,1,5
300,5,8
300,2,7
300,5,8
300,4,1
300,5,1
300,2,4
300,2,8
300,1,5
300,2,7
300,5,8
300,4,6
300,2,9
300,5,1
300,2,4
300,5,4
300,3,5
300,3,4
300,5,1
300,3,3
300,5,7
300,5,7
300,4,6
300,5,7
300,4,8
300,5,4
300,5,9
300,5,1
300,5,4
300,3,6
300,3,10
300,2,1
300,2,3
300,1,5
300,2,5
300,3,1
300,2,1
301,1,6
301,1,8
301,5,9
301,1,5
301,4,10
301,4,8
301,5,9
301,5,1
301,2,2
301,5,2
301,1,6
301,4,10
301,2,9
301,5,9
301,2,5
301,5,1
301,3,9
301,4,9
301,3,6
301,4,7
301,4,10
301,2,2
301,2,3
301,5,6
301,5,4
301,1,1
301,3,6
301,3,6
301,3,4
301,1,1
301,3,7
301,2,6
301,2,3
302,2,2
302,1,1
302,2,6
302,3,4
302,3,8
302,2,8
302,2,7
302,4,6
302,2,8
302,3,3
302,3,4
302,5,4
302,1,5
302,1,3
302,2,6
302,2,7
302,4,6
302,5,4
302,3,9
302,4,7
302,4,3
302,1,7
302,5,3
302,1,1
302,2,5
302,4,6
302,4,9
302,3,3
302,4,3
302,2,9
302,2,5
302,3,7
302,3,3
303,4,4
303,5,6
303,1,10
303,5,5
303,4,8
303,4,1
303,4,6
303,2,8
303,5,2
303,1,4
303,2,6
303,5,1
303,3,4
303,3,7
303,5,6
303,3,6
303,1,7
303,5,7
303,5,4
303,3,9
303,5,6
303,5,10
303,2,5
303,3,3
303,2,7
303,4,6
303,2,10
303,1,7
303,2,5
303,2,9
303,1,9
303,1,8
303,1,4
303,4,5
303,3,9
304,2,1
304,1,1
304,2,9
304,5,5
304,4,10
304,2,4
304,1,1
304,2,1
304,3,8
304,4,5
304,5,3
304,5,10
304,3,4
304,5,7
304,3,9
304,4,2
304,4,9
304,2,2
304,2,9
304,5,6
304,4,1
304,1,1
304,5,4
304,3,6
304,4,4
304,3,1
304,3,4
304,4,8
304,1,3
304,2,7
304,4,3
304,4,2
304,2,5
304,1,8
304,3,3
305,3,4
305,1,9
305,2,5
305,1,6
305,2,10
305,5,1
305,5,1
305,4,4
305,4,5
305,1,10
305,2,10
305,2,1
305,1,1
305,5,10
305,1,9
305,1,6
305,3,2
305,2,8
305,1,2
305,3,2
305,2,4
305,1,1
305,4,6
305,2,3
305,4,1
305,4,2
305,2,9
305,1,7
305,2,7
305,5,2
305,1,2
305,4,2
306,4,10
306,1,6
306,2,5
306,1,8
306,1,5
306,5,5
306,5,2
306,4,8
306,4,7
306,3,1
306,5,4
306,2,3
306,1,7
306,1,7
306,4,4
306,2,9
306,3,8
306,1,9
306,2,8
306,1,7
306,3,2
306,2,9
306,2,1
306,4,2
306,4,2
306,5,6
307,2,7
307,4,3
307,3,2
307,4,4
307,1,3
307,4,5
307,3,5
307,4,3
307,3,7
307,5,9
307,3,5
307,5,1
307,1,1
307,5,1
307,1,5
307,1,2
307,1,10
307,4,3
307,5,5
307,3,8
307,4,5
307,4,10
307,1,10
307,3,10
307,2,9
307,1,2
307,5,2
307,3,6
307,1,9
307,4,2
307,5,4
307,5,9
307,5,4
307,5,9
307,2,5
307,5,5
307,5,7
308,3,7
308,2,10
308,3,4
308,1,5
308,1,8
308,4,8
308,5,10
308,4,8
308,3,2
308,3,6
308,4,7
308,3,10
308,3,6
308,4,3
308,2,4
308,5,6
308,3,9
308,4,3
308,5,7
308,1,5
308,5,7
308,5,8
308,5,5
308,1,7
308,5,1
308,1,2
308,3,1
308,5,7
308,3,4
308,1,8
308,3,1
308,2,1
308,4,6
308,4,7
308,3,2
308,3,7
308,3,6
308,1,8
308,1,9
308,5,10
308,5,10
309,5,5
309,4,8
309,4,8
309,5,4
309,1,7
309,1,5
309,1,9
309,5,2
309,2,3
309,2,1
309,5,10
309,3,9
309,2,10
309,3,4
309,3,1
309,4,8
309,2,7
309,4,9
309,4,7
309,3,5
309,2,3
309,4,9
309,1,2
309,2,6
309,3,1
309,3,7
309,4,10
309,3,7
309,3,10
309,2,2
309,2,3
309,3,4
309,4,9
309,2,5
309,1,3
309,4,10
309,2,6
309,2,4
309,3,1
310,1,4
310,5,6
310,5,9
310,2,6
310,3,5
310,5,7
310,5,3
310,1,6
310,5,2
310,1,6
310,2,8
310,5,8
310,1,3
310,5,10
310,4,3
310,3,10
310,4,7
310,3,4
310,5,4
310,5,1
310,3,2
310,5,4
310,1,2
310,3,4
310,2,6
310,1,4
310,3,2
311,2,1
311,5,8
311,5,5
311,1,1
311,1,9
311,2,9
311,1,7
311,2,7
311,5,9
311,1,5
311,1,6
311,5,7
311,4,9
311,2,4
311,4,5
311,4,9
311,3,5
311,2,5
311,5,5
311,3,8
311,1,7
311,3,8
311,2,1
311,2,5
311,4,4
311,5,5
311,5,10
311,3,4
311,4,9
311,4,3
311,2,4
311,5,7
311,5,3
311,4,4
311,5,1
311,1,9
311,3,1
311,3,5
311,2,2
312,3,2
312,1,7
312,2,10
312,1,10
312,5,2
312,3,5
312,2,5
312,4,1
312,1,2
312,2,1
312,3,6
312,4,6
312,2,10
312,2,5
312,2,10
312,2,3
312,5,4
312,3,5
312,5,1
312,2,9
312,4,5
312,1,9
313,5,10
313,1,3
313,3,4
313,2,7
313,3,2
313,5,7
313,5,9
313,4,4
313,2,2
313,5,4
313,4,4
313,3,8
313,2,9
313,1,6
313,4,7
313,2,3
313,1,9
313,5,2
313,2,5
313,4,3
313,5,3
313,2,3
313,2,3
313,2,9
313,4,10
313,4,6
313,5,6
313,3,9
313,2,4
313,1,4
313,2,5
313,2,7
313,1,5
313,1,1
313,5,1
313,4,9
313,4,10
313,2,6
314,2,7
314,3,2
314,4,4
314,3,3
314,4,5
314,3,6
314,5,7
314,3,2
314,5,6
314,1,7
314,2,2
314,4,7
314,2,8
314,2,6
314,3,6
314,3,9
314,2,9
314,4,8
314,2,3
314,4,1
314,1,10
314,3,1
314,5,3
314,5,2
314,3,6
314,5,5
314,3,2
314,4,4
314,2,5
314,5,9
314,2,1
315,3,1
315,1,2
315,1,3
315,3,1
315,4,4
315,4,6
315,1,5
315,5,1
315,4,9
315,1,6
315,2,3
315,2,5
315,3,9
315,4,9
315,1,1
315,4,6
315,2,5
315,2,10
315,4,2
315,4,6
315,1,6
315,5,8
315,2,8
315,1,6
315,2,8
315,5,2
315,1,6
315,2,1
315,3,4
315,2,5
315,5,7
315,4,7
315,4,10
315,2,7
315,1,1
315,3,10
315,2,10
316,2,2
316,1,8
316,5,10
316,5,5
316,1,6
316,2,1
316,4,7
316,5,1
316,1,5
316,2,6
316,1,3
316,2,3
316,3,6
316,3,3
316,2,5
316,3,4
316,1,2
316,3,3
316,1,6
316,2,2
316,4,4
316,3,10
316,4,2
316,1,10
316,1,10
316,2,9
316,5,7
316,1,6
316,2,8
316,5,6
316,2,2
316,5,1
316,4,2
316,3,1
316,2,7
316,1,5
316,2,3
317,1,10
317,3,8
317,2,8
317,3,7
317,3,1
317,3,6
317,5,10
317,4,10
317,4,5
317,2,6
317,2,1
317,4,8
317,3,4
317,2,9
317,4,5
317,3,5
317,5,6
317,4,10
317,4,2
317,1,5
317,3,3
317,1,9
317,2,5
317,4,4
317,1,3
317,1,6
317,4,2
317,2,2
317,1,6
317,1,5
317,1,9
317,3,9
317,3,8
318,2,3
318,2,7
318,1,9
318,1,9
318,4,8
318,5,2
318,2,1
318,5,3
318,4,8
318,3,6
318,2,8
318,2,2
318,3,4
318,4,6
318,4,5
318,3,3
318,3,9
318,2,1
318,3,2
318,3,6
318,4,3
318,5,4
318,3,3
318,4,1
318,3,7
318,3,5
318,1,1
318,5,3
318,2,4
319,1,2
319,2,8
319,5,7
319,4,6
319,1,7
319,3,5
319,4,2
319,3,2
319,1,6
319,2,7
319,2,3
319,1,6
319,5,7
319,3,6
319,2,3
319,1,3
319,1,8
319,2,6
319,1,9
319,5,7
319,5,1
319,3,8
319,1,1
319,2,8
319,2,6
319,4,3
319,2,7
319,3,4
319,2,2
319,2,6
319,3,2
319,4,7
319,3,9
319,1,9
319,1,7
319,1,9
319,1,3
320,4,4
320,4,3
320,2,9
320,5,3
320,1,6
320,1,1
320,5,8
320,2,1
320,3,3
320,4,9
320,3,5
320,3,2
320,2,10
320,3,2
320,5,6
320,4,4
320,4,7
320,3,9
320,4,1
320,2,8
320,1,4
320,1,6
320,2,9
320,1,5
320,3,10
320,2,6
320,5,6
320,2,7
320,4,9
320,4,6
320,2,2
320,3,4
320,5,10
320,3,4
320,2,6
321,4,10
321,3,9
321,3,6
321,3,1
321,3,3
321,1,2
321,4,9
321,1,2
321,3,10
321,4,3
321,3,6
321,4,7
321,4,10
321,2,4
321,5,5
321,5,5
321,3,2
321,1,3
321,1,9
321,3,3
321,3,10
321,1,10
321,1,9
321,2,1
321,2,10
321,5,4
321,5,9
321,4,1
321,5,8
321,4,3
321,5,2
322,3,8
322,1,1
322,1,1
322,3,7
322,2,9
322,3,5
322,5,2
322,3,2
322,5,8
322,1,2
322,4,2
322,3,5
322,2,7
322,5,9
322,4,9
322,1,5
322,5,9
322,4,10
322,1,4
322,4,6
322,5,9
322,5,4
322,4,2
322,4,2
322,1,1
322,1,3
322,3,1
322,3,9
322,1,9
322,2,10
322,5,10
323,2,9
323,2,5
323,3,3
323,2,8
323,3,2
323,4,9
323,3,4
323,3,1
323,4,3
323,2,4
323,1,10
323,1,6
323,2,7
323,3,4
323,5,2
323,5,5
323,2,8
323,2,4
323,4,7
323,4,5
323,1,6
323,5,6
323,1,4
323,2,6
323,1,4
323,5,6
324,1,6
324,1,1
324,4,8
324,1,7
324,3,9
324,3,3
324,3,4
324,4,4
324,1,8
324,3,4
324,4,1
324,2,3
324,4,10
324,5,4
324,4,9
324,3,8
324,5,2
324,1,5
324,3,10
324,3,8
324,4,7
324,5,3
324,2,1
324,1,4
324,3,1
324,1,9
324,3,1
324,4,10
324,1,3
324,2,10
324,1,7
324,2,10
324,4,9
324,4,2
324,2,9
324,5,9
324,3,9
324,2,4
325,3,1
325,3,7
325,2,10
325,4,2
325,3,10
325,5,1
325,5,4
325,2,5
325,5,1
325,1,9
325,3,5
325,3,1
325,2,10
325,5,7
325,4,7
325,2,7
325,2,5
325,2,10
325,2,9
325,4,5
325,4,1
325,5,8
325,3,9
325,5,4
325,4,9
325,3,10
325,4,1
325,4,1
325,1,6
325,4,7
326,1,4
326,4,4
326,5,3
326,4,3
326,5,10
326,1,7
326,2,5
326,2,2
326,5,8
326,4,4
326,2,9
326,4,9
326,2,7
326,2,2
326,1,1
326,2,7
326,2,8
326,1,2
326,1,7
326,5,2
326,1,3
326,3,8
326,4,8
326,5,4
326,2,6
326,1,1
326,2,10
326,3,5
326,3,1
326,4,5
326,5,10
326,3,7
326,5,3
326,5,7
326,1,2
326,1,5
326,2,7
327,5,9
327,3,8
327,2,4
327,2,6
327,4,3
327,4,4
327,5,1
327,1,7
327,5,6
327,2,9
327,3,10
327,5,4
327,5,10
327,1,1
327,2,1
327,2,4
327,5,9
327,3,6
327,2,10
327,2,7
327,1,9
327,5,7
327,3,7
327,1,10
327,5,8
327,4,4
327,2,8
327,4,6
327,1,5
327,4,9
327,3,6
327,3,9
327,4,3
328,4,8
328,4,9
328,3,7
328,3,8
328,1,3
328,1,3
328,4,7
328,1,9
328,3,9
328,2,9
328,1,2
328,4,3
328,2,2
328,2,8
328,4,1
328,1,3
328,5,1
328,4,2
328,3,5
328,3,10
328,5,6
328,4,10
328,2,10
328,1,10
328,5,6
328,1,2
328,4,10
328,2,1
328,5,4
328,1,2
328,5,6
328,3,1
328,5,8
328,1,3
329,3,8
329,4,8
329,1,4
329,1,5
329,4,8
329,4,9
329,5,10
329,5,2
329,4,8
329,1,2
329,3,2
329,5,2
329,3,1
329,4,9
329,3,8
329,4,7
329,4,6
329,5,10
329,5,8
329,2,10
329,5,6
329,4,3
329,4,9
329,3,3
329,1,7
329,3,10
329,4,6
329,4,8
329,3,5
329,4,10
330,2,1
330,5,7
330,3,6
330,5,9
330,1,3
330,2,6
330,4,10
330,1,1
330,5,4
330,2,1
330,5,9
330,2,7
330,2,2
330,5,2
330,3,10
330,1,4
330,3,6
330,4,7
330,2,4
330,4,10
330,1,3
330,1,10
330,4,7
330,2,9
330,1,8
330,4,6
330,4,2
331,2,2
331,4,1
331,4,7
331,1,10
331,2,3
331,1,10
331,2,5
331,3,6
331,2,1
331,5,6
331,5,5
331,2,1
331,3,5
331,2,7
331,2,8
331,3,6
331,4,5
331,4,2
331,2,4
331,2,2
331,5,6
331,2,10
331,1,9
331,5,6
331,5,9
331,2,2
331,1,3
331,5,7
331,1,4
331,1,8
332,1,3
332,3,2
332,1,2
332,1,5
332,1,4
332,3,1
332,3,5
332,3,5
332,5,1
332,5,7
332,4,9
332,4,5
332,3,3
332,2,4
332,5,8
332,1,2
332,5,3
332,4,8
332,3,10
332,1,5
332,3,7
332,1,2
332,2,3
332,4,2
332,1,8
332,5,4
332,2,7
332,4,1
332,1,8
333,5,6
333,4,9
333,3,8
333,4,10
333,2,4
333,5,3
333,3,2
333,4,10
333,1,4
333,3,5
333,2,5
333,4,9
333,3,8
333,4,10
333,5,6
333,4,10
333,5,4
333,1,7
333,1,7
333,1,1
333,2,10
333,1,9
333,2,7
333,1,4
333,3,2
333,5,7
333,2,8
333,3,6
333,5,1
333,5,3
333,4,10
333,4,1
333,3,7
333,4,1
333,2,5
334,4,9
334,3,5
334,4,8
334,3,5
334,3,7
334,3,4
334,4,6
334,4,1
334,3,9
334,4,7
334,3,10
334,3,1
334,1,4
334,3,6
334,5,4
334,5,2
334,4,8
334,1,3
334,3,5
334,1,5
334,1,5
334,1,7
334,1,5
334,1,2
334,5,10
334,2,6
334,1,1
334,5,10
334,3,3
335,4,1
335,3,3
335,4,2
335,5,7
335,4,1
335,4,7
335,2,8
335,4,8
335,2,6
335,3,3
335,4,5
335,4,9
335,5,8
335,5,1
335,1,7
335,3,7
335,4,7
335,3,4
335,1,1
335,5,10
335,1,8
335,5,8
335,1,6
335,3,1
335,5,3
335,2,3
335,2,8
335,2,7
335,1,10
335,5,2
335,3,6
335,1,3
336,2,2
336,1,4
336,4,8
336,4,3
336,3,8
336,2,9
336,4,2
336,5,8
336,1,2
336,5,9
336,4,9
336,3,10
336,1,7
336,5,10
336,2,9
336,3,7
336,2,7
336,5,6
336,5,2
336,1,8
336,5,10
336,5,3
336,4,2
336,5,4
336,5,8
336,4,5
336,3,2
336,1,4
336,1,6
336,3,8
336,5,8
337,2,5
337,2,10
337,4,6
337,4,7
337,4,3
337,2,6
337,5,7
337,4,2
337,1,2
337,3,9
337,5,4
337,1,2
337,1,8
337,3,5
337,5,5
337,3,3
337,3,4
337,2,7
337,1,10
337,5,6
337,1,4
337,1,9
337,3,3
337,4,10
337,3,1
337,2,8
337,5,3
337,1,5
337,1,1
337,1,4
337,4,7
337,5,4
337,2,6
338,1,1
338,3,3
338,3,7
338,5,4
338,5,10
338,1,6
338,1,1
338,3,1
338,4,10
338,1,4
338,3,7
338,4,8
338,3,5
338,4,2
338,2,8
338,4,5
338,5,9
338,3,9
338,5,1
338,4,2
338,1,3
338,5,10
338,5,4
338,5,2
338,2,8
338,5,5
338,5,10
338,4,5
338,1,6
338,3,9
338,1,6
338,2,7
338,4,5
338,3,1
338,5,4
338,5,1
338,4,8
338,4,8
338,3,1
338,2,9
338,1,9
338,5,10
338,4,8
339,5,2
339,3,5
339,4,2
339,1,3
339,5,9
339,3,8
339,2,8
339,5,10
339,5,1
339,1,10
339,4,5
339,4,5
339,4,1
339,5,10
339,2,9
339,4,10
339,3,9
339,5,5
339,5,7
339,4,5
339,1,6
339,4,3
339,3,7
339,5,8
339,5,7
339,2,5
339,2,5
339,2,4
339,4,7
339,1,5
339,5,8
339,3,4
339,2,5
339,4,2
339,2,1
339,1,5
339,1,10
339,5,9
339,4,6
340,5,1
340,2,5
340,4,8
340,1,2
340,5,1
340,3,3
340,1,10
340,4,6
340,2,3
340,4,1
340,1,5
340,4,1
340,3,2
340,4,3
340,3,10
340,3,1
340,3,8
340,4,1
340,4,3
340,2,10
340,2,10
340,4,7
340,5,9
340,1,8
340,4,5
340,2,6
341,4,9
341,3,10
341,3,7
341,3,6
341,3,3
341,1,3
341,5,9
341,1,7
341,3,10
341,3,2
341,3,4
341,5,3
341,2,8
341,4,1
341,1,3
341,1,6
341,2,8
341,5,1
341,2,7
341,4,1
341,2,9
341,5,3
341,3,3
341,2,2
341,2,2
341,5,6
341,3,1
341,1,4
341,3,3
341,1,1
341,3,2
342,1,2
342,2,8
342,1,7
342,1,2
342,4,5
342,1,2
342,1,3
342,1,10
342,4,9
342,1,8
342,2,1
342,3,8
342,1,9
342,2,5
342,3,3
342,5,4
342,1,9
342,3,3
342,4,10
342,4,1
342,4,9
342,5,9
342,2,7
342,5,9
342,2,9
342,4,4
342,2,1
342,1,10
342,1,7
342,1,7
342,1,3
342,1,7
342,2,3
342,4,5
342,4,2
342,5,6
342,3,2
343,3,7
343,5,8
343,5,9
343,1,1
343,3,8
343,1,10
343,5,5
343,2,3
343,1,5
343,5,7
343,2,8
343,2,9
343,4,4
343,5,4
343,3,10
343,2,5
343,4,7
343,4,8
343,3,1
343,2,3
343,1,10
343,1,10
343,4,9
343,3,9
343,1,6
343,4,10
343,4,1
343,4,10
343,3,10
343,3,9
343,1,3
343,3,10
343,3,1
343,3,8
343,5,3
343,4,6
344,4,10
344,3,8
344,2,9
344,4,10
344,5,1
344,5,10
344,5,4
344,2,4
344,4,5
344,5,6
344,5,8
344,3,7
344,1,8
344,4,8
344,2,7
344,3,5
344,5,6
344,5,4
344,1,10
344,5,9
344,1,3
344,1,4
344,2,7
344,2,7
344,1,4
344,4,10
344,4,2
344,2,2
344,4,9
344,4,2
344,3,10
344,4,8
344,4,10
344,1,5
344,1,5
345,3,10
345,3,6
345,1,10
345,2,1
345,5,7
345,5,4
345,2,5
345,1,7
345,5,1
345,5,5
345,2,3
345,2,6
345,3,10
345,2,1
345,3,9
345,3,2
345,4,6
345,5,9
345,5,10
345,2,3
345,5,1
345,3,2
345,4,5
345,5,9
345,4,8
345,2,6
345,5,6
345,1,5
345,5,2
345,1,10
345,4,8
345,1,5
345,3,4
346,5,4
346,3,1
346,5,8
346,2,5
346,1,1
346,1,10
346,3,4
346,4,9
346,4,4
346,4,2
346,4,2
346,1,3
346,5,5
346,1,1
346,4,9
346,5,6
346,1,8
346,2,5
346,5,9
346,1,10
346,3,2
346,4,7
346,3,6
346,2,4
346,2,3
346,1,1
346,2,8
346,5,5
346,4,6
346,1,6
346,4,1
346,3,2
346,1,7
346,5,3
346,3,2
346,3,2
347,1,6
347,1,5
347,5,5
347,5,4
347,4,10
347,4,8
347,3,6
347,2,9
347,1,7
347,2,5
347,3,4
347,3,9
347,3,4
347,4,2
347,3,1
347,3,3
347,2,7
347,3,10
347,3,6
347,4,4
347,2,4
347,4,5
347,1,5
347,4,2
347,5,3
347,2,10
347,5,5
348,3,2
348,1,8
348,4,5
348,4,6
348,5,1
348,2,3
348,3,5
348,5,2
348,2,3
348,2,7
348,3,6
348,2,5
348,1,10
348,1,10
348,3,9
348,1,1
348,2,7
348,4,8
348,4,3
348,4,8
348,4,2
348,2,3
348,2,10
348,1,10
348,4,3
348,1,2
348,3,8
348,4,6
348,5,4
348,5,1
348,3,3
348,3,1
348,5,3
349,3,1
349,2,7
349,1,9
349,5,4
349,4,9
349,1,2
349,1,3
349,2,10
349,4,4
349,5,7
349,5,1
349,4,3
349,5,7
349,3,8
349,3,7
349,5,10
349,5,5
349,5,4
349,2,6
349,5,2
349,5,7
349,1,8
349,5,5
349,5,9
349,2,10
349,3,10
349,2,1
349,2,1
349,5,8
349,2,9
349,2,4
349,4,6
349,1,8
349,5,3
349,3,8
349,4,10
349,1,1
349,3,7
350,3,7
350,5,8
350,3,8
350,1,9
350,1,3
350,5,10
350,2,8
350,2,8
350,3,3
350,2,10
350,3,4
350,5,10
350,4,5
350,5,4
350,5,6
350,4,4
350,3,2
350,4,5
350,3,7
350,3,3
350,5,2
350,3,1
350,1,6
350,3,8
350,2,1
350,5,5
350,1,6
351,4,10
351,5,4
351,5,4
351,2,3
351,3,5
351,1,10
351,2,3
351,1,6
351,5,3
351,4,10
351,4,6
351,2,8
351,5,10
351,3,10
351,1,8
351,5,9
351,1,6
351,2,7
351,1,3
351,5,7
351,5,10
351,4,10
351,2,5
351,3,4
351,4,9
351,3,5
351,1,4
351,1,8
351,1,9
351,3,7
351,5,9
351,2,2
351,1,8
351,5,6
351,4,4
351,2,5
351,5,10
351,3,7
351,1,1
351,4,4
352,3,5
352,2,2
352,2,2
352,3,9
352,5,4
352,3,1
352,2,4
352,3,7
352,2,3
352,1,1
352,3,9
352,3,8
352,5,2
352,3,3
352,1,4
352,4,7
352,2,9
352,4,7
352,2,2
352,3,2
352,1,2
352,3,8
352,5,5
352,4,2
352,2,10
352,5,2
352,5,5
352,4,8
352,3,9
352,3,5
352,5,4
352,5,9
352,5,6
352,4,3
352,2,6
352,3,4
352,4,9
352,3,8
352,3,2
352,4,2
352,2,3
352,5,9
353,4,7
353,1,8
353,4,9
353,1,10
353,3,8
353,1,9
353,4,1
353,2,4
353,3,3
353,3,7
353,2,7
353,3,3
353,1,4
353,3,6
353,3,1
353,4,2
353,2,2
353,4,10
353,3,1
353,3,1
353,3,10
353,1,9
353,1,4
353,5,9
353,2,3
353,2,1
353,4,5
353,1,9
353,1,1
353,3,8
354,4,5
354,1,1
354,1,4
354,1,6
354,1,1
354,2,8
354,5,5
354,2,5
354,4,2
354,4,7
354,1,5
354,4,7
354,1,2
354,3,7
354,4,3
354,4,1
354,4,1
354,1,1
354,5,2
354,3,5
354,4,1
354,4,4
354,3,5
354,3,6
354,5,7
354,2,2
354,2,4
354,5,6
354,5,6
354,2,3
354,1,8
354,4,8
354,1,5
354,5,1
354,5,8
354,4,7
354,4,1
354,1,1
354,4,6
354,4,4
354,4,4
354,2,4
355,4,9
355,4,10
355,3,1
355,3,9
355,4,9
355,5,10
355,4,5
355,3,6
355,5,1
355,4,7
355,4,5
355,3,10
355,2,1
355,3,10
355,2,5
355,2,9
355,2,5
355,5,1
355,5,3
355,5,6
355,2,7
355,5,9
355,2,9
355,4,9
355,3,10
355,1,7
355,5,8
355,5,1
355,4,9
355,2,7
355,3,1
355,2,9
355,5,5
356,5,2
356,5,10
356,5,8
356,4,7
356,3,8
356,5,10
356,1,3
356,5,8
356,4,5
356,5,9
356,1,6
356,3,6
356,1,3
356,5,10
356,5,4
356,2,2
356,3,8
356,5,7
356,5,6
356,1,2
356,4,2
356,1,10
356,1,2
356,2,10
356,2,9
356,5,2
356,5,8
356,5,7
356,1,10
356,1,10
356,3,4
356,1,1
357,5,3
357,5,8
357,4,9
357,5,3
357,3,6
357,4,10
357,1,10
357,2,1
357,5,4
357,2,3
357,4,6
357,4,9
357,3,2
357,5,6
357,5,2
357,5,1
357,2,10
357,1,5
357,2,4
357,1,3
357,2,8
358,3,4
358,3,5
358,4,8
358,1,4
358,1,5
358,2,4
358,5,1
358,2,7
358,2,10
358,1,7
358,5,3
358,3,7
358,5,8
358,3,9
358,3,3
358,2,9
358,3,4
358,1,5
358,5,4
358,5,7
358,4,5
358,5,5
358,2,5
358,4,5
358,4,10
358,1,4
358,2,6
358,3,10
358,3,9
359,4,4
359,2,6
359,1,7
359,1,7
359,1,5
359,2,7
359,1,9
359,2,7
359,4,4
359,1,2
359,1,3
359,1,10
359,1,5
359,2,10
359,4,10
359,5,8
359,3,9
359,5,7
359,5,9
359,3,10
359,5,8
359,1,7
359,4,6
359,4,6
359,3,1
359,4,4
359,2,1
359,2,8
359,4,2
359,1,8
359,3,2
359,4,3
359,1,8
359,5,6
359,4,7
359,2,7
360,2,4
360,2,3
360,4,3
360,3,8
360,4,5
360,1,8
360,4,4
360,3,2
360,2,3
360,5,4
360,5,8
360,3,6
360,3,9
360,5,5
360,5,1
360,5,8
360,5,8
360,5,4
360,4,2
360,2,6
360,3,9
360,5,7
360,5,9
360,2,6
360,4,6
360,1,3
360,3,3
360,5,7
360,3,10
360,4,2
360,1,10
360,1,5
360,4,10
360,5,9
360,1,3
361,4,5
361,1,6
361,4,6
361,3,9
361,5,5
361,3,7
361,4,1
361,4,4
361,2,7
361,4,10
361,4,2
361,2,7
361,4,9
361,3,1
361,3,10
361,5,4
361,3,4
361,2,2
361,4,10
361,4,6
361,4,6
361,4,1
361,3,9
361,2,6
361,2,1
361,3,3
361,1,7
361,3,8
361,5,1
361,2,10
361,3,4
361,3,4
361,1,10
361,4,8
361,2,9
361,1,3
361,2,4
361,1,4
361,2,8
361,5,7
362,2,3
362,4,9
362,5,4
362,5,6
362,1,10
362,2,5
362,3,7
362,4,10
362,4,5
362,1,4
362,5,6
362,4,8
362,1,8
362,4,8
362,3,5
362,3,8
362,1,1
362,2,4
362,3,9
362,2,1
362,1,5
362,1,1
362,5,6
362,3,8
362,2,3
362,2,6
362,1,5
362,2,7
362,1,7
362,4,6
362,5,4
362,5,7
363,4,2
363,3,2
363,1,2
363,1,6
363,2,4
363,5,6
363,5,2
363,4,10
363,5,5
363,2,7
363,3,3
363,5,3
363,1,10
363,1,5
363,1,3
363,5,2
363,1,5
363,3,4
364,5,8
364,4,6
364,2,4
364,1,2
364,4,8
364,3,9
364,4,6
364,4,6
364,4,10
364,5,10
364,5,2
364,3,8
364,5,5
364,1,5
364,4,1
364,3,4
364,5,6
364,2,2
364,4,8
364,5,2
364,3,9
364,3,5
364,4,6
364,1,3
364,2,2
364,3,6
364,4,9
364,2,8
364,2,5
364,3,10
364,2,9
364,2,9
364,1,8
365,3,4
365,3,1
365,3,9
365,4,3
365,5,5
365,1,10
365,3,3
365,2,8
365,4,7
365,4,4
365,4,3
365,3,4
365,1,3
365,4,5
365,4,1
365,2,4
365,1,9
365,4,7
365,5,2
365,1,9
365,4,1
365,1,7
365,5,3
365,3,3
365,3,1
365,4,10
366,3,7
366,2,10
366,5,1
366,3,3
366,5,5
366,4,6
366,5,4
366,4,4
366,5,6
366,3,3
366,4,2
366,4,10
366,1,2
366,2,9
366,3,7
366,2,9
366,2,10
366,3,7
366,4,1
366,3,1
366,5,4
366,5,1
366,4,9
366,3,7
366,4,10
366,2,1
366,4,3
366,4,2
366,1,6
366,5,10
366,5,8
366,5,8
366,3,10
366,1,5
366,1,8
366,2,3
366,5,9
366,1,8
366,3,2
367,4,9
367,4,4
367,1,1
367,4,10
367,1,2
367,5,3
367,2,9
367,2,10
367,1,3
367,1,2
367,1,1
367,1,7
367,5,6
367,3,10
367,2,8
367,5,4
367,2,2
367,3,5
367,4,5
367,3,10
367,4,4
367,3,10
367,1,4
367,4,6
367,3,2
367,2,8
367,2,2
367,3,8
367,4,7
367,5,3
367,4,10
367,5,5
367,5,7
367,1,1
367,1,8
367,3,8
367,3,7
367,3,6
368,1,10
368,3,1
368,2,6
368,5,3
368,2,5
368,2,6
368,2,7
368,1,7
368,4,6
368,5,1
368,5,5
368,2,4
368,3,2
368,2,6
368,2,5
368,4,8
368,3,9
368,4,9
368,4,9
368,4,2
368,2,8
368,4,6
368,4,9
368,3,1
368,3,1
368,4,1
368,5,10
368,1,5
368,3,4
368,5,9
368,3,10
368,5,9
368,2,3
368,3,4
368,2,3
368,1,3
369,4,9
369,1,4
369,5,7
369,4,1
369,4,1
369,3,1
369,2,1
369,4,4
369,4,5
369,3,2
369,1,4
369,3,1
369,5,6
369,3,5
369,3,1
369,3,5
369,5,3
369,1,10
369,2,7
369,4,1
369,3,7
369,2,6
369,4,6
369,5,5
369,4,1
369,3,5
369,5,3
369,3,2
369,2,10
369,1,4
369,1,3
369,1,6
369,1,5
369,4,4
370,5,7
370,3,4
370,2,8
370,1,7
370,1,1
370,2,3
370,2,2
370,3,6
370,1,5
370,3,8
370,2,8
370,4,8
370,3,2
370,2,1
370,4,4
370,2,9
370,1,9
370,2,5
370,3,3
370,3,2
370,2,4
370,2,8
370,4,10
370,1,5
370,2,5
370,4,10
370,1,5
370,2,8
371,1,5
371,5,1
371,4,2
371,3,5
371,1,1
371,3,2
371,2,7
371,1,8
371,4,5
371,4,9
371,4,3
371,2,6
371,4,7
371,3,4
371,5,4
371,5,1
371,4,7
371,2,9
371,3,4
371,2,1
371,5,2
371,2,6
371,1,8
371,1,1
371,2,1
371,2,4
371,1,2
371,5,1
371,2,10
371,1,5
371,4,7
371,3,3
371,1,1
371,2,7
371,3,8
372,3,9
372,5,4
372,2,2
372,2,1
372,3,1
372,3,2
372,2,8
372,1,4
372,3,6
372,5,8
372,1,2
372,4,6
372,3,10
372,1,3
372,2,4
372,5,6
372,2,9
372,4,2
372,1,2
372,4,10
372,3,9
372,2,3
372,1,1
372,1,3
372,3,9
372,5,8
372,4,4
372,2,9
372,1,2
372,5,4
372,4,4
372,3,4
372,2,10
372,3,10
372,4,4
372,4,3
372,5,3
372,1,2
373,1,1
373,4,8
373,3,4
373,5,9
373,1,7
373,1,8
373,5,4
373,1,10
373,2,1
373,4,1
373,4,1
373,5,4
373,1,10
373,2,2
373,5,3
373,1,9
373,3,8
373,3,7
373,3,1
373,3,4
373,3,2
373,5,8
373,4,10
373,2,6
373,3,10
373,5,2
373,2,6
374,1,2
374,1,4
374,5,8
374,4,3
374,2,9
374,2,8
374,4,5
374,3,8
374,2,10
374,2,7
374,3,6
374,2,3
374,4,8
374,1,10
374,3,8
374,5,8
374,5,10
374,1,9
374,2,10
374,3,3
374,5,3
374,2,6
374,2,4
374,5,8
374,3,2
374,4,10
374,3,10
374,2,4
374,4,7
374,3,7
374,2,2
374,4,2
374,2,10
375,2,1
375,4,4
375,3,6
375,1,1
375,5,5
375,5,1
375,5,5
375,5,5
375,5,8
375,3,4
375,5,4
375,1,7
375,3,6
375,1,3
375,3,2
375,4,4
375,5,3
375,5,6
375,5,8
375,2,6
375,5,9
375,5,3
375,5,8
375,3,3
376,4,9
376,1,5
376,4,4
376,2,5
376,1,8
376,5,5
376,4,10
376,5,5
376,2,3
376,5,9
376,4,4
376,1,6
376,3,6
376,5,4
376,4,8
376,2,10
376,4,6
376,4,3
376,5,7
376,1,7
376,4,10
377,1,4
377,1,7
377,3,2
377,3,9
377,2,5
377,2,8
377,3,1
377,4,7
377,2,2
377,1,3
377,1,8
377,1,1
377,4,8
377,3,1
377,5,8
377,3,1
377,4,8
377,5,1
377,1,7
377,4,1
377,4,9
377,2,6
377,1,6
377,1,10
377,2,9
377,1,3
377,5,9
377,5,5
377,2,9
377,4,9
377,2,7
377,2,10
377,1,2
377,5,2
377,1,4
377,2,2
377,5,1
377,2,6
377,1,8
378,1,3
378,5,10
378,3,6
378,1,9
378,4,6
378,4,7
378,1,9
378,4,10
378,2,5
378,4,8
378,2,10
378,5,8
378,1,5
378,2,9
378,2,1
378,1,9
378,5,6
378,3,5
378,2,4
378,4,8
378,3,7
378,5,10
378,1,1
378,2,5
378,5,2
378,1,8
378,4,1
378,5,10
378,4,8
378,2,7
378,4,1
378,3,4
379,4,5
379,2,8
379,5,10
379,5,8
379,4,1
379,4,2
379,2,3
379,2,9
379,3,6
379,5,1
379,3,5
379,3,5
379,3,3
379,3,2
379,3,2
379,4,5
379,4,5
379,2,3
379,5,3
379,5,7
379,5,9
379,1,3
379,5,7
379,3,5
379,3,9
379,1,9
379,5,1
379,3,7
379,1,1
379,5,1
379,1,3
379,2,7
379,4,8
379,5,2
379,4,6
379,3,8
380,5,10
380,2,8
380,5,1
380,5,6
380,2,8
380,4,9
380,5,3
380,5,6
380,4,3
380,2,4
380,5,9
380,4,7
380,4,1
380,5,10
380,4,4
380,4,5
380,4,10
380,3,6
380,2,9
380,2,6
380,5,8
380,2,10
380,1,1
380,1,6
380,1,10
380,4,6
380,1,8
380,2,6
380,1,7
380,3,7
380,3,9
380,1,10
380,1,7
380,3,7
380,4,9
380,3,8
380,2,10
380,4,10
380,2,10
380,1,2
380,2,8
380,5,8
380,1,4
380,2,5
381,5,1
381,1,1
381,4,8
381,4,8
381,3,8
381,3,7
381,3,9
381,5,10
381,4,7
381,2,3
381,3,7
381,4,5
381,2,2
381,3,6
381,5,4
381,5,9
381,4,1
381,1,1
381,3,1
381,3,5
381,4,1
381,2,9
381,3,6
381,2,7
381,3,4
381,1,9
381,4,7
381,2,9
381,1,6
381,4,6
381,1,1
381,1,3
381,2,1
381,3,1
381,2,2
381,1,7
381,3,2
382,5,6
382,3,2
382,1,7
382,3,6
382,5,3
382,2,7
382,1,2
382,2,8
382,4,8
382,3,3
382,3,4
382,3,10
382,4,5
382,1,6
382,1,5
382,2,10
382,5,4
382,4,4
382,5,3
382,2,9
382,2,2
382,2,3
382,3,1
382,5,3
382,2,7
382,1,10
382,1,9
382,1,7
382,2,8
382,2,6
382,5,8
382,5,7
382,3,8
382,5,8
382,1,8
382,5,10
383,4,9
383,3,3
383,5,3
383,5,6
383,5,1
383,3,3
383,3,6
383,4,7
383,5,9
383,2,1
383,5,3
383,5,2
383,2,6
383,3,8
383,2,8
383,2,3
383,3,8
383,1,3
383,2,2
383,5,5
383,4,3
383,2,1
383,3,1
383,1,1
383,1,1
383,3,8
383,2,5
383,3,6
383,1,6
383,3,2
383,1,8
383,1,10
383,1,10
383,2,4
383,1,7
384,5,2
384,4,6
384,2,5
384,1,2
384,3,2
384,3,6
384,4,7
384,5,6
384,4,5
384,2,8
384,5,9
384,4,10
384,1,4
384,3,10
384,2,2
384,5,3
384,4,4
384,2,8
384,3,7
384,4,6
384,3,2
384,5,9
384,2,4
384,5,6
384,2,7
384,4,4
384,3,10
384,3,6
384,4,2
384,4,3
384,5,8
384,1,4
384,5,3
384,3,7
385,4,1
385,3,6
385,4,7
385,3,5
385,3,3
385,3,5
385,5,3
385,3,10
385,1,6
385,4,2
385,2,7
385,2,10
385,3,9
385,1,8
385,1,3
385,2,1
385,3,6
385,3,8
385,3,5
385,4,6
385,3,5
385,5,10
385,5,4
385,1,5
385,5,4
385,4,10
385,4,6
385,5,6
386,4,9
386,4,4
386,3,10
386,2,1
386,3,2
386,2,10
386,3,8
386,2,8
386,3,5
386,1,3
386,5,9
386,3,7
386,3,1
386,2,1
386,2,9
386,3,7
386,1,8
386,2,5
386,3,10
386,4,5
386,4,2
386,5,6
386,5,7
386,1,7
386,3,1
386,3,2
386,4,9
386,4,3
386,5,1
386,2,8
386,1,8
387,1,2
387,1,5
387,2,3
387,5,5
387,4,9
387,2,7
387,1,3
387,1,7
387,1,6
387,3,1
387,1,8
387,4,10
387,3,3
387,4,3
387,5,7
387,2,7
387,3,4
387,5,1
387,1,2
387,1,4
387,1,10
387,2,3
387,1,8
387,4,5
387,5,5
387,2,8
387,1,8
387,2,2
387,5,1
387,3,7
387,1,5
387,1,7
387,1,4
387,4,9
387,5,2
387,3,10
387,4,8
387,3,4
388,5,6
388,2,4
388,1,6
388,5,3
388,2,4
388,2,4
388,1,5
388,5,6
388,4,6
388,3,7
388,4,6
388,4,7
388,2,8
388,4,4
388,2,6
388,1,7
388,3,4
388,1,10
388,4,4
388,5,5
388,3,2
388,5,8
388,1,3
388,1,5
388,5,8
388,3,5
388,2,7
388,5,1
388,3,2
388,4,9
388,1,10
388,4,9
388,3,5
389,3,2
389,2,5
389,1,3
389,4,1
389,3,1
389,3,8
389,3,10
389,2,10
389,2,8
389,1,1
389,1,4
389,2,8
389,3,2
389,3,7
389,5,9
389,2,3
389,2,5
389,4,4
389,1,4
389,4,1
389,5,7
389,1,7
389,2,8
389,1,7
389,5,10
389,5,3
389,5,2
389,1,3
389,3,3
389,5,8
389,3,1
389,3,7
390,5,2
390,5,7
390,5,5
390,3,9
390,3,9
390,2,3
390,1,9
390,3,4
390,3,7
390,4,3
390,2,3
390,1,7
390,1,3
390,3,3
390,4,6
390,3,5
390,4,9
390,3,5
390,5,7
390,5,8
390,5,7
390,5,8
390,1,1
390,3,10
390,5,1
390,4,1
390,4,8
390,3,2
390,2,3
390,3,5
390,1,2
390,3,7
390,3,7
390,4,5
390,2,4
390,2,4
390,3,6
390,2,4
391,2,7
391,3,8
391,4,1
391,2,4
391,4,8
391,5,10
391,3,3
391,2,6
391,5,10
391,3,8
391,1,5
391,2,6
391,3,10
391,2,7
391,3,8
391,1,1
391,1,10
391,5,8
391,5,3
391,5,8
391,4,3
391,1,10
391,3,3
391,4,8
391,5,7
391,3,4
391,3,7
391,4,7
391,4,6
391,3,3
391,4,4
391,5,9
391,1,9
391,1,6
391,1,10
391,5,7
391,2,6
391,3,5
391,3,10
391,5,10
392,1,7
392,5,1
392,2,8
392,1,3
392,5,9
392,4,10
392,2,8
392,5,8
392,2,4
392,1,4
392,4,3
392,3,7
392,5,1
392,1,9
392,1,8
392,1,8
392,2,1
392,3,7
392,1,8
392,4,10
392,2,1
392,5,8
392,3,8
392,1,5
392,3,10
392,2,3
392,4,2
392,3,3
392,5,2
392,3,4
392,5,4
393,3,3
393,4,7
393,4,2
393,4,10
393,1,8
393,5,8
393,4,8
393,3,8
393,4,8
393,2,5
393,1,1
393,4,10
393,3,1
393,4,3
393,4,2
393,2,2
393,1,3
393,3,2
393,3,10
393,3,6
393,2,7
393,3,3
393,3,2
393,2,6
393,4,9
393,1,10
393,4,1
393,3,1
393,5,4
393,5,8
393,2,9
393,4,9
393,3,5
393,4,7
393,4,1
393,2,6
393,1,8
393,3,6
393,3,6
393,4,5
393,1,3
394,1,4
394,5,4
394,5,10
394,5,3
394,5,5
394,5,9
394,2,6
394,1,8
394,2,6
394,3,8
394,4,10
394,2,10
394,2,10
394,1,3
394,3,3
394,3,2
394,3,2
394,5,9
394,3,2
394,3,6
394,3,8
394,1,1
394,5,8
394,1,9
394,1,10
394,4,9
394,2,6
394,1,9
394,2,2
394,4,4
394,5,6
394,4,3
394,4,3
395,5,9
395,2,1
395,2,4
395,5,3
395,1,10
395,2,5
395,3,9
395,2,10
395,2,2
395,4,6
395,2,9
395,5,10
395,1,8
395,1,4
395,4,6
395,3,10
395,1,7
395,4,1
395,2,2
395,5,7
395,1,3
395,1,1
395,1,5
395,2,10
395,4,7
395,3,7
395,5,2
395,1,6
395,3,3
396,4,6
396,3,10
396,5,8
396,5,4
396,2,10
396,5,1
396,5,5
396,5,4
396,4,7
396,3,4
396,5,3
396,1,4
396,3,3
396,5,3
396,2,9
396,5,2
396,2,9
396,3,5
396,5,9
396,5,5
396,3,6
396,2,6
396,2,10
396,3,8
396,2,4
396,5,7
396,2,8
396,5,10
396,3,5
396,5,10
396,3,5
396,2,1
397,4,3
397,3,6
397,4,8
397,3,10
397,4,6
397,3,5
397,2,3
397,1,6
397,5,3
397,3,5
397,4,6
397,4,9
397,2,3
397,1,7
397,1,4
397,1,1
397,2,8
397,4,8
397,5,8
397,1,8
397,1,3
397,3,4
397,4,3
397,3,3
397,2,8
397,1,8
397,5,6
397,4,3
397,5,5
397,2,3
397,2,6
397,2,7
397,5,2
397,4,10
397,5,5
397,5,3
397,1,8
397,2,1
398,4,5
398,4,5
398,3,2
398,2,5
398,2,5
398,1,9
398,1,7
398,4,10
398,2,7
398,2,3
398,4,9
398,4,8
398,4,6
398,1,1
398,5,3
398,2,9
398,2,8
398,2,4
398,2,8
398,5,8
398,2,1
398,1,6
398,3,3
398,4,10
398,1,1
398,2,4
398,4,4
398,3,7
398,3,3
399,2,7
399,5,8
399,4,1
399,1,7
399,4,3
399,5,4
399,4,8
399,4,4
399,1,3
399,4,3
399,4,5
399,2,3
399,1,6
399,1,8
399,3,9
399,2,4
399,4,5
399,2,5
399,3,8
399,1,10
399,5,1
399,1,9
399,3,9
399,4,10
399,5,9
399,1,5
399,4,6
399,3,1
399,1,7
399,3,2
399,5,6
399,2,3
399,2,5
399,1,3
400,2,4
400,5,5
400,5,8
400,2,5
400,2,1
400,5,8
400,4,3
400,3,2
400,2,1
400,4,2
400,5,1
400,4,6
400,4,2
400,1,2
400,1,3
400,4,9
400,1,9
400,3,3
400,3,5
400,1,4
400,5,10
400,3,9
400,4,4
400,4,5
400,1,7
400,5,3
400,4,9
400,2,3
400,5,8
400,5,2
400,3,7
400,3,3
400,4,7
400,3,4
400,3,5
400,2,7
400,2,1
400,3,3
400,2,1
400,5,2
400,5,7
401,2,9
401,5,1
401,5,7
401,4,10
401,2,2
401,3,2
401,4,7
401,5,5
401,5,8
401,2,9
401,3,2
401,4,1
401,5,2
401,2,4
401,1,9
401,4,4
401,3,2
401,1,4
401,1,4
401,5,3
401,3,3
401,3,9
401,2,5
401,5,4
401,3,8
401,5,4
401,3,8
401,1,6
401,1,4
401,4,10
401,1,9
401,1,9
401,4,8
401,1,3
401,3,9
402,3,3
402,2,1
402,5,7
402,5,2
402,3,8
402,5,6
402,2,1
402,3,3
402,3,1
402,5,9
402,1,2
402,5,5
402,5,2
402,3,5
402,1,3
402,3,7
402,1,5
402,3,2
402,2,3
402,4,6
402,4,3
402,3,8
402,2,7
402,3,8
402,1,9
402,3,10
402,5,9
402,3,1
402,4,7
402,2,7
402,3,5
402,2,9
402,5,8
402,4,7
403,4,8
403,5,5
403,1,2
403,1,2
403,5,1
403,4,6
403,3,5
403,2,9
403,5,10
403,5,9
403,4,7
403,4,8
403,2,4
403,2,2
403,4,8
403,5,1
403,3,10
403,3,3
403,3,5
403,1,3
403,1,3
403,1,2
403,4,10
403,2,5
403,3,10
403,4,6
403,5,1
403,1,4
403,5,5
403,5,3
403,3,3
403,5,7
403,3,3
403,2,9
403,1,9
403,4,4
403,2,5
403,3,1
403,2,3
403,1,10
404,2,3
404,3,2
404,5,5
404,5,8
404,5,1
404,1,10
404,3,9
404,3,3
404,3,8
404,5,3
404,5,2
404,5,5
404,1,4
404,2,10
404,1,5
404,1,9
404,2,1
404,5,2
404,3,1
404,3,10
404,2,10
404,5,5
404,1,9
404,3,5
404,2,3
404,1,7
404,3,7
404,1,3
404,5,9
404,3,10
404,4,9
404,1,7
404,5,9
404,2,10
404,1,10
404,3,7
404,1,8
404,3,3
404,1,10
404,3,10
404,5,3
405,4,7
405,5,4
405,5,5
405,5,8
405,2,6
405,1,1
405,1,10
405,5,10
405,2,1
405,2,7
405,2,5
405,5,8
405,1,7
405,1,7
405,5,5
405,2,9
405,1,10
405,5,1
405,5,10
405,5,8
405,2,2
405,5,1
405,1,5
405,5,1
405,5,8
405,1,6
405,1,6
405,3,2
405,2,6
405,5,7
405,4,6
405,1,3
405,2,1
405,2,4
405,3,8
405,1,3
405,5,7
405,3,7
406,1,1
406,4,1
406,2,2
406,1,8
406,2,7
406,3,8
406,3,9
406,2,1
406,4,7
406,3,3
406,2,7
406,2,6
406,1,4
406,3,8
406,5,2
406,3,7
406,1,2
406,2,4
406,5,7
406,5,10
406,1,4
406,1,10
406,3,4
406,4,10
406,1,3
406,5,5
406,2,6
406,3,3
406,4,7
406,1,9
407,3,2
407,1,7
407,1,1
407,3,9
407,5,5
407,3,2
407,1,6
407,3,10
407,1,6
407,4,9
407,2,9
407,3,6
407,5,3
407,3,7
407,1,7
407,2,3
407,2,10
407,4,1
407,4,3
407,2,6
407,4,7
407,2,7
407,3,1
407,2,6
407,1,7
407,4,7
407,4,10
407,5,4
407,1,6
407,1,2
407,3,2
407,5,4
407,1,5
407,1,8
407,2,6
407,1,6
407,5,8
407,2,3
407,3,2
407,2,10
407,4,7
408,1,5
408,5,1
408,2,9
408,5,3
408,5,9
408,5,7
408,3,8
408,3,8
408,4,4
408,1,1
408,2,1
408,5,5
408,1,2
408,3,10
408,3,7
408,3,6
408,4,5
408,4,4
408,1,10
408,3,5
408,2,8
408,5,1
408,4,4
409,3,1
409,3,8
409,5,4
409,5,6
409,4,7
409,1,6
409,5,3
409,5,5
409,1,3
409,5,10
409,4,10
409,5,5
409,2,1
409,3,1
409,5,1
409,5,10
409,2,7
409,5,1
409,5,9
409,2,7
409,3,8
409,5,9
409,2,6
409,4,10
409,3,2
409,2,2
409,4,9
409,2,5
409,4,8
409,3,6
409,1,9
409,1,2
409,2,8
409,3,10
409,3,10
409,5,6
410,3,5
410,1,4
410,4,10
410,5,5
410,4,1
410,5,7
410,3,3
410,3,3
410,1,7
410,5,5
410,2,3
410,3,4
410,5,6
410,4,3
410,1,1
410,2,6
410,2,5
410,5,6
410,5,3
410,3,6
410,5,4
410,1,8
410,4,9
410,2,9
410,1,9
410,3,7
410,5,9
410,2,9
411,1,10
411,5,3
411,2,7
411,1,3
411,1,8
411,1,7
411,2,6
411,5,6
411,4,3
411,4,1
411,5,6
411,1,6
411,1,8
411,3,9
411,5,9
411,5,9
411,3,4
411,1,1
411,3,1
411,2,5
411,3,1
411,2,9
411,2,10
411,3,10
411,1,4
411,3,1
411,2,10
411,4,2
411,4,4
412,5,5
412,5,2
412,5,4
412,3,2
412,3,4
412,4,7
412,4,1
412,5,2
412,5,4
412,4,8
412,4,3
412,1,1
412,2,1
412,4,3
412,1,9
412,4,10
412,1,4
412,1,2
412,3,5
412,3,1
412,3,6
412,4,2
412,1,9
412,3,1
412,2,3
412,3,2
413,5,3
413,3,9
413,3,4
413,2,2
413,1,3
413,2,8
413,4,2
413,3,1
413,4,3
413,1,5
413,2,9
413,1,3
413,2,3
413,2,10
413,5,7
413,2,5
413,4,2
413,5,3
413,2,5
413,3,10
413,1,3
413,1,8
413,1,8
413,5,3
413,1,5
413,5,2
413,3,3
413,4,4
413,4,4
413,4,9
413,4,10
413,5,7
413,2,7
413,1,1
413,3,6
414,3,2
414,1,8
414,2,7
414,5,1
414,1,5
414,3,10
414,2,10
414,5,9
414,3,9
414,1,7
414,1,10
414,2,2
414,1,9
414,5,7
414,4,8
414,2,6
414,1,9
414,5,4
414,2,5
414,5,9
414,4,6
414,1,2
414,1,10
414,1,8
414,4,10
414,5,1
414,4,5
414,3,5
414,1,5
414,2,1
414,3,9
415,1,5
415,1,2
415,1,2
415,4,9
415,4,7
415,2,1
415,4,1
415,4,3
415,3,4
415,2,4
415,3,8
415,2,6
415,5,9
415,1,4
415,3,5
415,5,6
415,5,7
415,1,3
415,5,6
415,4,4
415,2,5
415,5,7
415,2,8
415,1,3
415,2,7
415,3,1
415,5,4
415,5,1
415,5,5
415,4,2
416,4,10
416,4,3
416,2,8
416,5,1
416,3,6
416,4,7
416,4,2
416,1,2
416,5,1
416,4,7
416,3,1
416,4,10
416,2,10
416,5,8
416,3,10
416,1,2
416,3,3
416,4,1
416,1,2
416,2,2
416,4,4
416,1,8
416,4,1
416,2,5
416,3,8
416,2,4
416,3,4
416,5,9
416,5,6
416,2,9
416,4,7
416,4,9
416,2,2
416,5,2
417,5,7
417,5,6
417,1,5
417,5,2
417,5,3
417,2,7
417,5,4
417,2,4
417,1,7
417,3,1
417,2,3
417,2,2
417,5,4
417,5,4
417,3,7
417,2,4
417,1,4
417,3,2
417,3,4
417,1,5
417,3,4
417,1,9
417,1,10
417,4,9
417,1,8
417,1,5
417,1,10
417,2,5
417,2,1
417,1,5
417,3,10
417,5,10
417,4,9
417,2,10
417,1,7
418,2,6
418,1,1
418,1,1
418,4,9
418,5,2
418,1,8
418,1,7
418,4,8
418,3,9
418,5,4
418,4,2
418,1,7
418,2,10
418,1,5
418,3,6
418,5,5
418,2,5
418,2,10
418,3,5
418,3,6
418,4,9
418,1,3
418,2,3
418,2,6
418,4,5
418,3,5
418,1,9
418,4,10
418,3,1
418,1,1
418,4,9
418,3,10
418,1,3
418,5,7
419,3,1
419,3,9
419,2,3
419,3,10
419,4,10
419,4,10
419,3,9
419,1,2
419,5,7
419,1,6
419,5,7
419,2,2
419,2,8
419,1,8
419,5,1
419,2,10
419,1,4
419,2,2
419,4,2
419,1,1
419,2,10
419,1,6
419,4,5
419,1,9
419,3,10
419,2,4
419,2,5
419,5,5
419,3,6
419,1,1
419,5,10
419,2,2
420,2,4
420,1,4
420,4,8
420,2,2
420,3,9
420,5,8
420,1,10
420,4,7
420,1,10
420,3,7
420,2,1
420,4,9
420,2,3
420,5,4
420,4,2
420,5,6
420,5,3
420,4,4
420,4,5
420,3,3
420,5,1
420,3,2
420,5,9
420,5,3
420,5,6
420,3,1
420,5,2
420,4,2
420,4,1
420,5,6
420,2,4
420,2,6
420,5,7
420,3,7
420,3,2
420,1,9
420,2,9
420,1,2
420,1,3
420,5,1
420,3,2
420,1,1
420,2,2
421,4,6
421,1,7
421,5,9
421,1,4
421,2,5
421,3,1
421,4,5
421,3,10
421,1,7
421,1,3
421,2,10
421,2,8
421,1,2
421,1,10
421,3,6
421,1,1
421,4,7
421,1,4
421,2,2
421,1,1
421,5,9
421,1,8
421,3,8
421,5,6
421,5,10
421,2,3
421,2,1
421,5,5
421,5,9
421,3,6
421,2,2
421,2,1
421,3,3
422,3,9
422,5,2
422,5,1
422,4,1
422,1,7
422,4,6
422,5,8
422,1,8
422,3,1
422,1,9
422,3,2
422,3,4
422,3,5
422,3,5
422,3,3
422,3,2
422,3,3
422,5,9
422,3,8
422,4,8
422,4,1
422,5,5
422,4,1
422,3,8
422,1,5
422,3,9
422,1,10
422,5,9
422,4,4
422,1,9
422,1,6
422,3,8
422,1,2
422,4,8
422,3,8
423,1,3
423,5,9
423,5,7
423,2,9
423,4,7
423,3,4
423,5,5
423,1,7
423,4,2
423,1,4
423,4,6
423,2,2
423,3,3
423,2,5
423,2,1
423,4,7
423,4,8
423,1,3
423,5,5
423,4,9
423,5,7
423,2,2
423,2,6
423,1,4
423,2,3
423,1,3
423,1,6
423,5,7
423,3,8
424,2,2
424,4,10
424,5,2
424,5,3
424,2,1
424,5,6
424,3,10
424,5,7
424,3,2
424,4,10
424,4,8
424,1,10
424,4,10
424,5,3
424,2,1
424,5,5
424,5,4
424,2,8
424,3,9
424,4,4
424,3,6
424,2,3
424,5,6
424,4,3
424,1,6
424,4,1
424,4,10
424,1,10
424,2,7
424,2,6
424,5,3
424,4,2
424,1,2
424,2,7
424,4,9
424,2,9
425,1,6
425,5,3
425,2,2
425,1,10
425,3,8
425,1,1
425,4,5
425,1,1
425,4,3
425,5,8
425,5,8
425,2,6
425,2,2
425,4,3
425,4,7
425,1,6
425,3,5
425,4,1
425,5,3
425,1,3
425,4,4
425,3,4
425,3,1
425,4,3
425,3,10
425,2,7
425,5,6
425,5,9
425,2,7
425,2,8
425,3,2
425,1,2
425,1,1
425,5,8
425,5,9
425,5,1
425,2,8
425,3,7
425,5,1
425,2,1
425,5,4
425,5,4
426,4,2
426,3,4
426,3,2
426,5,2
426,2,7
426,4,7
426,2,1
426,3,5
426,2,5
426,1,9
426,3,2
426,2,6
426,1,3
426,3,1
426,1,8
426,2,7
426,4,4
426,1,8
426,2,7
426,4,8
426,5,7
426,5,10
426,3,4
426,4,4
426,1,10
426,1,7
426,4,10
426,4,2
426,2,6
426,4,8
426,1,4
426,1,2
426,2,6
426,4,7
426,4,7
426,5,2
426,3,10
426,4,3
426,4,3
426,1,6
427,5,5
427,3,4
427,4,3
427,2,8
427,3,1
427,2,5
427,4,4
427,4,7
427,2,9
427,5,3
427,1,1
427,1,7
427,3,4
427,2,3
427,5,1
427,1,1
427,5,7
427,3,5
427,3,3
427,2,3
427,2,8
427,5,9
427,5,3
427,4,5
427,2,2
427,1,7
427,3,3
427,4,5
427,4,2
427,4,10
428,1,2
428,3,7
428,4,7
428,1,9
428,1,2
428,2,8
428,3,3
428,3,1
428,3,9
428,4,7
428,3,7
428,4,9
428,5,7
428,3,10
428,3,1
428,5,10
428,4,1
428,1,2
428,5,4
428,3,8
428,1,3
428,4,6
428,1,5
428,2,10
428,1,8
428,1,3
428,4,5
428,1,5
428,1,9
428,4,5
428,2,10
428,3,5
428,5,5
429,3,7
429,5,1
429,5,3
429,1,2
429,1,1
429,3,7
429,5,9
429,5,10
429,1,8
429,5,10
429,4,8
429,3,2
429,1,8
429,2,7
429,3,9
429,3,6
429,2,3
429,2,9
429,3,6
429,4,10
429,2,9
429,1,6
429,5,5
429,3,10
429,4,9
429,1,2
429,5,1
429,4,6
429,2,8
429,2,4
429,4,8
430,1,8
430,5,7
430,2,8
430,5,9
430,3,10
430,1,10
430,3,5
430,4,4
430,1,5
430,1,5
430,1,2
430,4,3
430,4,10
430,5,5
430,1,2
430,5,4
430,5,7
430,4,2
430,4,7
430,3,4
430,4,5
430,4,7
430,5,10
430,4,6
430,4,2
430,3,8
430,3,10
430,1,2
430,2,8
430,1,8
430,4,2
430,3,8
430,2,9
430,3,3
430,5,8
430,3,6
430,1,3
431,3,8
431,3,2
431,5,3
431,5,3
431,2,9
431,5,5
431,1,6
431,5,6
431,4,1
431,2,3
431,4,2
431,3,8
431,1,8
431,3,10
431,4,1
431,5,9
431,4,10
431,5,2
431,4,5
431,3,3
431,5,9
431,4,3
431,5,3
431,2,9
431,1,3
431,3,1
431,4,4
431,3,1
431,1,8
431,1,3
432,3,9
432,4,1
432,2,3
432,5,4
432,1,8
432,3,2
432,1,4
432,2,4
432,2,8
432,1,3
432,4,8
432,4,5
432,3,1
432,3,2
432,3,2
432,4,1
432,2,9
432,2,9
432,3,4
432,4,7
432,3,3
432,2,2
432,2,2
432,1,8
432,1,7
432,3,10
432,1,10
432,2,6
432,4,3
432,2,4
432,1,2
432,5,5
432,3,5
432,1,5
432,2,8
432,3,7
432,1,7
432,2,6
433,5,5
433,1,5
433,5,4
433,1,3
433,2,7
433,4,2
433,5,1
433,3,10
433,3,6
433,3,9
433,4,8
433,4,7
433,1,1
433,3,5
433,5,7
433,2,5
433,2,1
433,2,2
433,5,1
433,5,7
433,1,8
433,1,4
433,3,10
433,5,4
433,2,7
433,3,3
433,1,7
433,1,7
433,1,6
433,3,2
433,1,7
433,4,6
434,5,4
434,2,5
434,2,2
434,4,5
434,2,9
434,1,10
434,2,8
434,2,4
434,5,7
434,2,10
434,4,10
434,2,4
434,5,1
434,3,5
434,5,3
434,1,10
434,2,5
434,2,9
434,2,6
434,1,8
434,2,1
434,1,8
434,5,7
434,5,2
434,3,6
434,2,8
434,2,3
434,4,8
434,5,8
434,2,1
434,1,9
434,2,8
434,4,3
434,4,2
434,5,7
434,3,3
434,2,10
434,3,6
434,5,7
434,1,10
435,1,3
435,1,5
435,3,5
435,1,10
435,4,1
435,3,1
435,4,7
435,1,1
435,1,10
435,1,7
435,4,6
435,2,9
435,1,8
435,4,2
435,2,4
435,4,9
435,3,8
435,5,10
435,5,10
435,1,6
435,4,7
435,4,1
435,1,6
435,5,3
435,4,9
435,1,10
435,1,9
435,4,6
435,1,2
435,2,9
435,4,4
435,5,10
435,3,2
435,5,10
435,1,9
435,2,8
436,1,3
436,3,8
436,2,8
436,3,1
436,2,6
436,4,6
436,5,3
436,3,8
436,2,9
436,1,8
436,3,6
436,1,5
436,5,3
436,2,7
436,2,4
436,1,6
436,3,3
436,3,5
436,3,4
436,3,8
436,4,2
436,2,8
436,5,8
436,4,5
436,3,9
436,1,8
436,3,1
436,3,5
436,1,5
436,4,5
436,2,2
436,2,4
436,1,3
436,2,1
436,4,1
436,5,10
437,1,8
437,1,5
437,4,3
437,4,2
437,2,5
437,3,4
437,5,5
437,2,5
437,3,3
437,1,1
437,2,9
437,2,7
437,5,10
437,3,5
437,4,4
437,5,10
437,5,5
437,5,1
437,3,1
437,3,7
437,3,4
437,2,7
437,5,2
437,5,3
437,1,10
437,5,6
437,4,7
437,1,5
438,3,4
438,2,3
438,4,8
438,1,8
438,2,6
438,2,2
438,1,5
438,1,1
438,1,8
438,2,2
438,4,1
438,3,8
438,3,3
438,1,10
438,5,2
438,5,9
438,3,5
438,2,8
438,5,4
438,4,6
438,2,8
438,3,4
438,2,3
438,3,6
438,3,9
438,5,8
438,5,5
438,3,3
438,5,9
438,4,5
438,3,4
438,5,3
438,1,8
439,2,3
439,3,8
439,2,7
439,1,8
439,2,6
439,2,7
439,4,5
439,4,8
439,1,9
439,4,4
439,5,4
439,3,4
439,5,6
439,2,10
439,3,7
439,1,2
439,4,7
439,4,9
439,2,7
439,2,1
439,4,4
439,4,5
439,2,8
439,2,6
439,2,7
439,2,8
439,2,7
439,2,8
439,2,6
439,5,9
439,3,2
439,3,3
439,3,9
439,2,6
439,2,8
439,4,4
439,5,8
439,5,1
439,4,4
439,1,7
439,5,6
439,4,3
439,4,8
439,2,2
439,2,9
439,1,8
439,3,3
439,2,10
439,4,2
440,4,10
440,1,4
440,5,7
440,2,5
440,2,5
440,1,10
440,4,6
440,2,4
440,2,7
440,4,8
440,1,5
440,2,8
440,5,9
440,4,10
440,3,8
440,4,3
440,1,1
440,1,10
440,5,3
440,5,2
440,5,5
440,4,5
440,4,2
440,3,9
440,3,8
440,2,2
440,2,2
440,2,3
440,5,4
441,2,9
441,4,10
441,1,4
441,5,10
441,5,4
441,5,5
441,1,5
441,5,6
441,3,5
441,5,6
441,4,1
441,2,6
441,1,5
441,4,8
441,1,6
441,2,3
441,5,5
441,4,6
441,5,10
441,2,1
441,1,5
441,2,2
441,4,3
441,4,2
441,1,8
441,1,10
441,2,3
441,4,5
441,2,6
441,4,4
441,4,4
441,4,6
441,2,5
441,1,8
441,2,10
441,3,6
441,2,3
441,3,2
441,3,2
441,2,2
441,5,8
442,2,9
442,2,5
442,3,4
442,2,5
442,1,7
442,5,5
442,2,8
442,5,3
442,1,4
442,2,7
442,3,9
442,3,2
442,5,8
442,1,7
442,5,3
442,2,8
442,4,3
442,5,5
442,2,1
442,3,2
442,3,3
442,3,9
442,5,3
442,1,3
442,4,8
442,5,10
442,2,4
442,2,3
442,1,7
442,2,2
442,1,10
442,5,4
442,1,3
442,5,6
442,2,10
442,2,7
442,4,4
442,4,7
442,4,4
443,2,5
443,2,1
443,5,9
443,1,3
443,5,8
443,3,10
443,5,3
443,3,5
443,1,8
443,4,9
443,5,10
443,2,7
443,3,2
443,4,5
443,3,6
443,5,9
443,4,7
443,1,7
443,4,3
443,3,9
443,4,9
443,2,3
443,2,5
443,4,1
443,1,1
443,4,10
443,2,6
443,3,7
444,5,1
444,2,6
444,4,6
444,3,10
444,1,9
444,4,5
444,2,10
444,4,9
444,2,3
444,4,9
444,4,10
444,4,9
444,4,7
444,2,8
444,5,10
444,4,7
444,3,1
444,3,8
444,1,2
444,5,5
444,2,6
444,4,6
444,3,6
444,3,4
444,1,4
444,2,9
444,2,5
444,3,3
444,1,7
444,3,7
444,5,9
444,3,1
444,2,9
444,2,1
444,1,6
444,4,9
444,1,7
445,1,4
445,4,2
445,4,1
445,5,3
445,2,2
445,3,9
445,3,4
445,2,3
445,5,4
445,4,3
445,3,6
445,1,5
445,2,7
445,1,3
445,4,7
445,2,8
445,1,5
445,4,9
445,4,9
445,1,1
445,5,10
445,1,10
445,4,6
445,4,5
445,5,5
445,2,9
445,2,1
445,3,9
445,4,7
445,3,10
445,2,8
445,1,10
445,4,8
445,2,5
445,1,8
445,5,8
445,1,7
445,1,5
446,1,7
446,1,9
446,1,4
446,2,1
446,5,4
446,4,10
446,4,8
446,3,3
446,1,1
446,4,3
446,5,7
446,1,3
446,4,9
446,1,6
446,4,3
446,5,4
446,4,9
446,3,5
446,2,8
446,2,6
446,2,7
446,5,4
446,5,1
446,5,2
446,4,8
446,1,10
446,1,5
446,5,4
446,1,5
446,1,10
446,2,8
446,5,9
446,3,6
446,2,6
446,3,4
446,5,5
447,5,4
447,1,6
447,1,7
447,3,4
447,2,3
447,2,10
447,4,2
447,5,6
447,5,3
447,2,1
447,2,8
447,3,2
447,1,9
447,4,10
447,5,2
447,1,1
447,4,10
447,1,3
447,4,4
447,5,6
447,2,7
447,3,6
447,3,4
447,3,2
447,5,5
447,4,10
447,3,10
447,5,5
447,1,2
447,2,5
447,4,9
447,3,9
447,5,1
447,3,6
447,3,4
447,2,2
447,4,1
447,4,4
447,2,8
447,5,1
447,1,1
447,4,1
447,3,6
447,1,5
447,3,5
447,1,4
447,3,3
448,4,6
448,3,8
448,1,6
448,3,3
448,3,10
448,1,9
448,2,10
448,5,9
448,4,7
448,4,5
448,1,6
448,5,9
448,2,1
448,4,1
448,5,7
448,5,2
448,3,8
448,4,2
448,3,6
448,1,5
448,5,6
448,1,9
448,2,10
448,3,3
448,1,10
448,4,6
448,1,4
448,1,5
448,1,5
448,4,6
448,1,4
448,1,9
448,1,1
448,5,9
448,1,10
448,2,10
448,5,5
448,1,10
449,3,6
449,2,6
449,2,6
449,1,4
449,3,10
449,5,4
449,1,1
449,5,7
449,3,6
449,4,10
449,1,2
449,2,6
449,5,8
449,4,7
449,5,2
449,5,5
449,2,8
449,5,5
449,4,9
449,5,2
449,3,4
449,3,9
449,3,10
449,3,2
449,4,4
449,1,1
449,5,1
449,2,5
449,3,8
449,5,7
449,2,10
449,4,5
449,4,2
449,1,10
449,5,10
449,4,9
449,4,10
449,4,10
449,2,8
449,1,9
449,4,7
450,1,4
450,4,3
450,3,4
450,3,4
450,5,5
450,4,9
450,2,1
450,4,7
450,4,3
450,2,5
450,3,5
450,2,5
450,5,2
450,2,8
450,5,8
450,5,8
450,5,6
450,4,5
450,4,1
450,3,3
450,4,5
450,1,3
450,1,10
450,3,9
451,1,1
451,3,3
451,4,1
451,4,9
451,2,2
451,1,2
451,3,10
451,1,8
451,4,4
451,2,9
451,5,1
451,2,5
451,2,8
451,4,4
451,1,7
451,1,8
451,2,2
451,5,3
451,5,4
451,2,1
451,1,7
451,1,8
451,4,1
451,1,9
451,3,4
451,1,9
451,4,5
451,1,6
451,1,9
451,2,7
451,5,10
451,2,10
451,1,4
451,4,7
451,1,9
452,4,7
452,2,6
452,4,10
452,4,2
452,1,6
452,4,3
452,2,2
452,1,1
452,3,6
452,3,6
452,2,10
452,5,9
452,1,10
452,2,8
452,4,3
452,1,2
452,5,6
452,3,4
452,5,8
452,2,9
452,5,2
452,1,1
452,2,3
452,2,2
452,5,4
452,3,10
452,3,6
452,5,5
453,2,4
453,3,5
453,2,2
453,1,2
453,1,8
453,4,6
453,1,8
453,2,6
453,2,5
453,1,4
453,1,6
453,2,3
453,5,3
453,2,9
453,2,1
453,1,9
453,1,8
453,4,10
453,2,4
453,3,10
453,4,1
453,1,8
453,1,5
453,2,3
453,5,1
453,2,6
453,2,7
454,2,5
454,4,1
454,5,9
454,2,5
454,4,6
454,2,6
454,5,2
454,1,7
454,2,10
454,1,3
454,4,4
454,1,10
454,3,1
454,3,1
454,2,3
454,5,5
454,5,5
454,4,9
454,2,6
454,4,10
454,5,1
454,1,10
454,2,10
454,5,7
454,4,10
454,2,6
455,3,9
455,3,2
455,5,10
455,4,9
455,5,4
455,3,4
455,3,2
455,4,8
455,4,2
455,2,8
455,3,10
455,1,9
455,2,2
455,3,4
455,1,8
455,2,1
455,4,1
455,1,5
455,2,9
455,4,9
455,3,1
455,5,4
455,4,4
455,3,8
455,1,3
456,1,2
456,4,3
456,1,9
456,2,1
456,4,10
456,5,2
456,4,4
456,5,9
456,4,3
456,4,5
456,5,6
456,2,10
456,5,10
456,1,5
456,1,8
456,3,8
456,2,3
456,4,4
456,5,3
456,4,7
456,3,10
456,2,7
456,5,10
456,1,5
456,5,5
456,3,7
456,5,9
456,3,7
457,3,8
457,4,4
457,4,10
457,5,2
457,5,10
457,4,7
457,3,4
457,1,9
457,2,2
457,2,2
457,5,9
457,1,5
457,2,10
457,3,5
457,3,9
457,3,6
457,5,3
457,5,10
457,5,7
457,4,4
457,2,10
457,2,1
457,1,10
457,4,5
457,1,7
457,2,7
457,2,10
457,3,7
457,1,5
457,2,3
457,1,6
457,1,10
457,1,6
457,3,9
458,3,6
458,3,3
458,4,6
458,3,1
458,2,8
458,3,3
458,3,9
458,5,1
458,3,2
458,1,7
458,5,3
458,3,3
458,5,9
458,2,9
458,4,3
458,5,8
458,5,4
458,3,1
458,1,5
458,3,3
458,1,10
458,3,9
458,1,5
458,1,8
458,3,6
458,2,6
458,3,7
458,5,2
459,1,4
459,3,3
459,5,7
459,1,4
459,5,4
459,3,3
459,1,4
459,4,1
459,2,5
459,3,8
459,2,3
459,2,3
459,5,7
459,4,8
459,5,10
459,2,8
459,5,1
459,1,10
459,2,1
459,2,7
459,1,9
459,1,10
459,2,8
459,4,8
459,4,5
459,5,10
459,5,4
459,1,10
459,4,10
459,4,1
459,1,9
460,4,5
460,2,1
460,4,7
460,5,1
460,5,5
460,5,5
460,3,10
460,5,10
460,4,3
460,3,5
460,1,1
460,5,5
460,3,5
460,5,7
460,3,9
460,5,4
460,1,10
460,1,3
460,3,3
460,2,2
460,5,10
460,2,1
460,5,8
460,5,6
460,3,10
460,3,2
460,1,3
460,5,6
460,3,4
460,4,6
460,3,10
460,2,4
460,5,8
460,2,1
461,2,6
461,1,5
461,2,8
461,5,2
461,5,8
461,5,1
461,2,4
461,5,4
461,1,1
461,4,8
461,5,10
461,5,6
461,4,10
461,1,3
461,1,8
461,5,2
461,2,7
461,1,9
461,3,2
461,3,4
461,2,6
461,2,9
461,2,2
461,2,3
461,2,8
461,5,10
461,4,1
461,1,1
461,4,4
461,5,10
461,5,9
461,2,2
461,3,8
461,5,8
461,5,5
461,2,10
461,5,9
461,2,9
461,4,7
462,2,1
462,3,7
462,2,4
462,2,7
462,3,3
462,5,1
462,4,1
462,5,10
462,3,1
462,4,4
462,4,6
462,3,5
462,5,4
462,3,4
462,2,2
462,2,5
462,2,1
462,3,2
462,3,4
462,2,1
462,2,10
462,1,10
462,1,4
462,2,8
462,5,2
462,5,2
462,2,7
462,5,4
462,3,10
462,5,8
462,5,8
462,2,2
462,5,8
462,4,5
463,1,8
463,1,6
463,4,3
463,4,6
463,2,9
463,3,4
463,4,8
463,3,3
463,3,5
463,3,7
463,3,2
463,2,5
463,3,9
463,4,6
463,2,10
463,5,7
463,1,4
463,3,6
463,5,2
463,3,10
463,5,10
463,2,2
463,4,9
463,2,4
463,4,9
463,4,7
463,1,9
463,5,5
463,2,2
463,5,1
463,3,8
463,1,2
463,5,8
463,4,9
464,1,9
464,2,6
464,1,5
464,2,5
464,2,4
464,5,8
464,1,6
464,4,1
464,1,3
464,2,7
464,3,10
464,5,10
464,5,10
464,5,6
464,5,10
464,2,5
464,5,10
464,3,4
464,1,6
464,1,2
464,4,6
464,4,3
464,3,9
464,4,6
464,2,9
464,5,6
464,3,9
464,3,10
464,5,1
464,3,2
464,2,9
465,3,4
465,1,2
465,1,4
465,5,5
465,4,10
465,3,10
465,1,9
465,1,4
465,2,3
465,5,4
465,4,2
465,5,2
465,2,1
465,5,9
465,5,6
465,2,10
465,4,1
465,5,1
465,5,7
465,3,10
465,4,10
465,3,1
465,2,7
465,1,8
465,3,7
465,5,8
466,4,3
466,4,6
466,3,1
466,1,6
466,5,2
466,3,10
466,2,6
466,4,2
466,5,8
466,2,4
466,2,10
466,5,7
466,3,1
466,3,5
466,2,4
466,2,4
466,2,5
466,5,1
466,5,4
466,5,8
466,1,8
466,1,9
466,3,3
466,2,2
466,5,8
466,3,4
466,2,10
466,1,4
466,4,10
466,3,7
466,2,6
466,1,10
466,3,1
467,1,8
467,4,5
467,3,7
467,4,6
467,2,10
467,4,3
467,1,3
467,5,3
467,3,5
467,5,6
467,3,6
467,1,1
467,2,8
467,1,6
467,2,4
467,3,9
467,5,3
467,1,4
467,2,1
467,4,7
467,5,2
467,4,3
467,1,6
467,5,6
467,2,5
467,5,6
467,5,5
467,3,6
467,5,10
467,1,3
467,2,10
467,3,4
468,1,1
468,2,3
468,2,3
468,1,1
468,5,2
468,1,1
468,5,3
468,1,5
468,1,3
468,2,6
468,5,1
468,3,9
468,3,10
468,5,6
468,2,8
468,3,8
468,3,5
468,4,2
468,3,3
468,2,6
468,2,7
468,5,4
468,1,9
468,1,3
468,1,2
468,4,4
468,1,2
468,1,3
468,1,2
468,4,3
468,5,2
468,5,4
468,5,1
468,3,7
468,1,5
468,2,5
468,2,5
468,4,3
469,4,2
469,5,1
469,3,10
469,4,6
469,4,3
469,3,3
469,4,2
469,3,2
469,2,7
469,4,9
469,1,3
469,2,8
469,1,10
469,3,8
469,2,3
469,2,9
469,5,5
469,2,8
469,2,5
469,4,7
469,4,1
469,4,6
469,1,3
469,5,7
469,5,10
469,5,1
469,5,5
469,3,1
469,3,1
469,1,10
469,3,5
469,2,1
469,4,4
469,4,2
469,5,10
469,3,3
469,3,3
470,4,6
470,4,6
470,4,1
470,3,9
470,3,6
470,5,8
470,3,5
470,3,4
470,3,9
470,5,9
470,5,5
470,4,1
470,5,10
470,2,6
470,1,4
470,5,9
470,1,3
470,2,8
470,4,1
470,5,9
470,3,1
470,3,5
470,3,8
470,5,5
470,4,9
470,3,8
470,5,9
470,2,6
470,3,2
470,3,2
470,5,3
470,5,8
470,1,5
470,1,4
470,4,10
470,5,1
470,3,9
471,3,5
471,1,8
471,3,2
471,2,4
471,2,6
471,3,2
471,4,5
471,1,2
471,3,3
471,4,10
471,5,6
471,5,8
471,3,10
471,3,9
471,5,10
471,3,5
471,3,2
471,3,5
471,3,3
471,3,3
471,4,7
471,3,3
471,2,2
471,2,6
471,1,8
471,5,4
471,1,2
471,5,8
471,3,7
471,1,1
471,3,5
471,2,9
471,5,7
472,1,2
472,3,1
472,3,3
472,3,5
472,4,2
472,2,3
472,5,10
472,5,1
472,1,5
472,2,1
472,2,7
472,3,7
472,2,1
472,4,3
472,1,3
472,3,1
472,3,3
472,5,2
472,4,9
472,4,8
472,2,6
472,1,7
472,2,5
472,2,9
472,4,9
472,3,5
472,5,4
472,3,3
472,3,6
472,1,5
472,2,1
472,4,5
472,4,9
473,1,9
473,2,1
473,3,9
473,3,4
473,5,9
473,3,10
473,4,9
473,3,10
473,4,4
473,5,2
473,5,3
473,4,1
473,4,9
473,3,7
473,2,1
473,1,2
473,5,2
473,5,5
473,2,1
473,5,8
473,3,2
473,1,3
473,3,10
473,3,9
473,2,10
473,1,6
473,3,2
473,4,4
473,2,7
473,4,2
473,5,3
473,2,6
474,3,3
474,4,9
474,5,5
474,2,8
474,2,3
474,3,6
474,5,9
474,5,10
474,2,9
474,1,8
474,4,2
474,3,10
474,1,10
474,1,6
474,2,7
474,1,7
474,1,1
474,5,2
474,4,7
474,3,8
474,5,5
474,5,5
474,4,10
474,5,7
474,1,9
474,1,9
474,5,1
474,2,4
474,1,9
474,1,6
474,3,8
474,1,3
474,1,2
474,5,3
474,2,2
474,2,9
474,5,9
474,5,7
474,4,1
474,1,6
474,2,10
474,2,7
474,4,1
474,1,4
475,2,5
475,5,4
475,2,8
475,4,9
475,1,8
475,2,2
475,1,2
475,5,2
475,1,1
475,5,10
475,2,7
475,1,1
475,5,10
475,3,9
475,4,1
475,5,6
475,3,10
475,3,5
475,5,5
475,1,4
475,4,4
475,3,8
475,3,2
475,2,8
475,2,3
475,5,8
475,3,1
475,3,2
475,5,7
475,4,1
475,1,3
475,1,10
475,2,7
475,3,2
476,5,1
476,1,8
476,5,1
476,2,8
476,1,3
476,1,3
476,3,8
476,4,10
476,4,2
476,1,4
476,2,1
476,2,9
476,2,1
476,2,7
476,3,3
476,2,3
476,5,10
476,3,1
476,5,1
476,2,4
476,1,7
476,2,5
476,3,1
476,1,6
476,4,10
476,2,10
476,5,7
477,4,4
477,3,5
477,5,10
477,4,2
477,4,3
477,3,4
477,2,9
477,5,10
477,4,9
477,4,5
477,2,2
477,5,5
477,4,2
477,3,9
477,4,5
477,4,7
477,2,5
477,4,5
477,3,5
477,3,7
477,2,1
477,2,7
477,4,9
477,3,2
477,5,9
477,1,5
477,1,10
477,3,5
477,2,7
477,1,1
477,5,6
477,4,8
477,4,4
477,5,3
477,2,6
478,5,3
478,4,7
478,5,6
478,3,6
478,1,9
478,1,1
478,2,4
478,5,6
478,1,9
478,3,2
478,2,8
478,1,6
478,5,2
478,1,5
478,2,7
478,4,8
478,4,5
478,4,2
478,4,5
478,4,3
478,1,7
478,5,2
478,3,10
478,1,2
478,4,4
478,4,8
478,5,2
478,4,6
478,4,8
478,4,5
478,3,5
478,1,9
478,4,3
478,5,1
478,2,1
478,2,5
479,5,10
479,1,9
479,2,1
479,1,1
479,3,7
479,5,8
479,5,2
479,2,5
479,2,5
479,1,8
479,3,2
479,1,10
479,1,7
479,4,7
479,4,2
479,4,6
479,1,6
479,2,4
479,1,2
479,2,1
479,2,8
479,4,9
479,2,6
479,3,2
479,5,5
479,1,8
479,1,4
479,4,1
479,2,6
479,5,8
479,4,9
479,1,8
480,1,1
480,1,3
480,3,5
480,2,7
480,4,3
480,4,10
480,1,4
480,1,10
480,2,8
480,2,7
480,2,2
480,2,1
480,4,5
480,2,3
480,3,9
480,1,3
480,4,10
480,5,2
480,5,3
480,3,5
480,5,8
480,3,10
480,1,4
480,5,5
480,2,2
480,5,9
480,5,3
480,2,8
480,1,2
480,5,6
480,3,6
481,3,8
481,5,4
481,2,6
481,4,1
481,3,1
481,4,8
481,1,3
481,1,7
481,4,7
481,3,6
481,1,2
481,1,4
481,1,4
481,2,1
481,2,6
481,3,3
481,2,2
481,5,9
481,3,2
481,3,2
481,5,7
481,1,1
481,1,8
481,2,10
481,3,9
481,1,6
481,3,10
481,2,3
481,2,5
481,1,7
481,1,2
481,3,6
481,3,5
481,5,6
482,2,3
482,2,1
482,4,8
482,1,4
482,1,5
482,3,5
482,3,8
482,2,6
482,5,5
482,1,3
482,5,2
482,5,2
482,1,5
482,1,1
482,4,9
482,1,9
482,4,7
482,5,5
482,4,10
482,1,1
482,1,3
482,3,9
482,2,6
482,2,2
482,2,4
482,1,2
482,3,2
482,1,6
482,3,5
482,2,1
482,5,2
482,4,6
482,2,10
482,4,7
482,3,4
483,1,2
483,5,1
483,2,9
483,2,5
483,2,3
483,1,7
483,3,3
483,4,9
483,2,2
483,4,3
483,2,4
483,1,8
483,1,2
483,3,4
483,3,8
483,4,9
483,1,2
483,1,6
483,1,1
483,4,10
483,2,4
483,5,3
483,3,10
483,3,6
483,5,9
483,1,5
483,3,6
483,1,6
483,3,9
483,1,6
483,5,1
483,5,10
483,1,6
483,4,1
484,5,3
484,4,2
484,4,2
484,2,9
484,3,5
484,2,3
484,1,2
484,4,10
484,5,9
484,4,1
484,1,3
484,5,8
484,3,9
484,4,3
484,3,9
484,4,5
484,5,9
484,1,6
484,3,4
484,5,10
484,4,10
484,1,8
484,3,8
484,2,8
484,5,6
484,3,5
484,4,5
484,4,8
484,4,7
484,5,3
484,4,3
484,5,1
484,1,6
484,4,3
484,1,4
485,5,5
485,4,10
485,5,5
485,2,7
485,3,2
485,5,8
485,3,10
485,1,4
485,2,4
485,4,8
485,2,6
485,2,3
485,2,9
485,3,7
485,3,6
485,3,1
485,1,3
485,4,4
485,2,6
485,4,8
485,1,3
485,1,7
485,2,5
485,4,7
485,5,10
485,5,6
485,1,1
485,1,5
485,4,5
485,3,7
485,3,9
485,2,2
486,3,10
486,1,4
486,2,7
486,2,4
486,2,5
486,1,1
486,3,6
486,1,7
486,4,6
486,3,10
486,4,6
486,1,3
486,2,5
486,3,1
486,5,9
486,3,3
486,4,9
486,3,4
486,1,1
486,5,8
486,1,7
486,5,5
486,1,6
486,4,5
486,4,5
486,3,2
486,3,6
486,4,8
486,2,2
486,5,1
486,1,3
486,5,2
486,4,1
486,5,7
486,5,5
486,3,1
487,1,7
487,2,1
487,1,9
487,4,3
487,2,6
487,3,8
487,3,3
487,3,4
487,3,9
487,4,6
487,3,8
487,1,2
487,4,10
487,5,2
487,1,2
487,1,2
487,5,8
487,4,6
487,3,4
487,3,5
487,1,9
487,4,7
487,3,4
487,3,10
487,2,9
487,2,10
487,3,6
487,5,6
487,4,5
487,4,4
487,4,8
487,2,2
487,4,7
487,2,6
487,2,6
487,2,9
487,4,8
488,4,4
488,1,8
488,3,10
488,3,3
488,5,2
488,1,8
488,3,5
488,5,10
488,5,8
488,1,2
488,4,5
488,1,7
488,5,7
488,1,8
488,3,8
488,2,8
488,3,3
488,5,3
488,1,7
488,1,6
488,4,6
488,5,9
488,5,7
488,5,7
488,5,5
488,2,6
488,1,3
488,5,4
488,3,6
488,4,3
488,4,6
488,1,5
488,4,2
488,5,4
488,1,7
489,4,9
489,5,8
489,1,8
489,2,5
489,5,6
489,1,7
489,4,2
489,5,9
489,2,7
489,5,6
489,5,7
489,4,4
489,1,10
489,3,1
489,5,1
489,5,2
489,4,8
489,5,2
489,1,9
489,5,6
489,1,6
489,3,3
489,3,5
489,3,5
489,5,5
489,5,7
489,2,9
489,5,4
489,1,6
489,4,7
489,1,6
489,4,7
489,4,8
490,2,1
490,1,7
490,4,6
490,4,9
490,1,7
490,4,7
490,4,4
490,1,1
490,3,6
490,1,9
490,2,9
490,4,5
490,4,4
490,3,1
490,3,3
490,5,7
490,2,4
490,3,3
490,1,2
490,2,6
490,5,10
490,1,2
490,4,6
490,3,2
490,2,9
490,5,5
490,4,4
490,5,9
490,2,5
490,2,8
490,2,7
490,4,4
490,5,3
490,1,8
491,4,8
491,1,9
491,3,7
491,2,2
491,4,2
491,3,6
491,5,8
491,1,4
491,1,2
491,5,8
491,3,1
491,1,4
491,3,8
491,1,1
491,2,6
491,5,7
491,2,3
491,4,2
491,4,6
491,1,1
491,3,7
491,1,1
491,2,9
491,2,10
491,4,7
491,5,1
491,2,7
491,3,9
491,1,7
491,4,4
491,1,7
491,4,9
491,2,10
491,3,2
492,3,2
492,2,7
492,1,5
492,5,8
492,1,8
492,3,3
492,2,1
492,2,4
492,5,1
492,1,10
492,1,6
492,1,4
492,3,2
492,2,1
492,1,6
492,5,7
492,1,9
492,5,5
492,4,1
492,2,10
492,1,6
492,2,2
492,1,7
492,3,8
492,5,2
492,1,2
492,4,4
492,4,2
492,2,4
492,5,7
492,1,10
492,2,6
492,3,5
492,1,2
